{"type":"FeatureCollection","generator":"mme scripts/fetch-osm-roads.mjs","copyright":"© OpenStreetMap contributors (ODbL)","bbox":[121.465,31.225,121.485,31.245],"features":[{"type":"Feature","id":8756689,"properties":{"osmId":8756689,"bicycle":"no","bridge":"yes","foot":"no","highway":"trunk","lanes":"4","layer":"2","motorroad":"yes","name":"南北高架路","name:en":"North-South Elevated Road","name:zh":"南北高架路","name:zh-Hans":"南北高架路","name:zh-Hant":"南北高架路","oneway":"yes","surface":"asphalt"},"geometry":{"type":"LineString","coordinates":[[121.4659555,31.2250309],[121.4662305,31.2247557],[121.4664504,31.2244816],[121.4665563,31.2243118],[121.4666506,31.2241385],[121.4667738,31.2239149],[121.4668957,31.2236381],[121.4670025,31.223357],[121.4670376,31.2232264],[121.4670726,31.2230718]]}},{"type":"Feature","id":9374529,"properties":{"osmId":9374529,"cycleway":"track","highway":"tertiary","name":"金陵中路","name:en":"Middle Jinling Road","name:zh":"金陵中路","name:zh-Hans":"金陵中路","name:zh-Hant":"金陵中路","trolley_wire":"yes"},"geometry":{"type":"LineString","coordinates":[[121.4740169,31.2280424],[121.4739438,31.2280016],[121.4738127,31.2279419],[121.4727764,31.2274128],[121.4725084,31.2273025]]}},{"type":"Feature","id":9832326,"properties":{"osmId":9832326,"cycleway":"opposite_lane","highway":"tertiary","lanes":"1","name":"广东路","name:en":"Guangdong Road","name:etymology:wikidata":"Q15175","oneway":"yes","surface":"asphalt"},"geometry":{"type":"LineString","coordinates":[[121.4727022,31.2324192],[121.4729165,31.2325061],[121.4737458,31.2328355],[121.474481,31.2331218],[121.4749223,31.233301],[121.4757553,31.2336566],[121.4766945,31.2340647],[121.4768922,31.2341287]]}},{"type":"Feature","id":9832672,"properties":{"osmId":9832672,"bridge":"yes","highway":"trunk_link","lanes":"1","layer":"2","oneway":"yes"},"geometry":{"type":"LineString","coordinates":[[121.484888,31.2340675],[121.4847221,31.2340166],[121.4845513,31.2339658],[121.4843051,31.2338965],[121.484107,31.2338409],[121.4838647,31.2337783],[121.4838036,31.2337574],[121.4837159,31.2337145],[121.483627,31.2336483]]}},{"type":"Feature","id":10358632,"properties":{"osmId":10358632,"bicycle":"no","bridge":"yes","foot":"no","highway":"trunk","lanes":"2","layer":"4","motorroad":"yes","name":"南北高架路","name:en":"North-South Elevated Road","oneway":"yes","surface":"asphalt"},"geometry":{"type":"LineString","coordinates":[[121.4658089,31.2252936],[121.4653802,31.2257029],[121.4648411,31.2262144],[121.4644441,31.2266112],[121.4640042,31.2270206],[121.4636917,31.2273566]]}},{"type":"Feature","id":10358638,"properties":{"osmId":10358638,"bicycle":"no","bridge":"yes","foot":"no","highway":"trunk","lanes":"2","layer":"4","motorroad":"yes","name":"南北高架路","name:en":"North-South Elevated Road","oneway":"yes","surface":"asphalt"},"geometry":{"type":"LineString","coordinates":[[121.4635831,31.2273383],[121.4639184,31.2269965],[121.4643234,31.2266066],[121.4647324,31.226211],[121.465183,31.225774],[121.4659555,31.2250309]]}},{"type":"Feature","id":10628429,"properties":{"osmId":10628429,"highway":"tertiary","lanes":"1","name":"马当路","name:en":"Madang Road","name:zh":"马当路","name:zh-Hans":"马当路","name:zh-Hant":"馬當路","source":"interpolation & survey","surface":"asphalt"},"geometry":{"type":"LineString","coordinates":[[121.4682548,31.2257955],[121.4683203,31.2256618],[121.4685039,31.2252777],[121.4687394,31.2247703],[121.4687791,31.2246743]]}},{"type":"Feature","id":10628430,"properties":{"osmId":10628430,"cycleway":"lane","highway":"tertiary","lanes":"2","name":"黄陂北路","name:en":"North Huangpi Road","name:zh":"黄陂北路","name:zh-Hans":"黄陂北路","name:zh-Hant":"黃陂北路","surface":"asphalt","trolley_wire":"yes"},"geometry":{"type":"LineString","coordinates":[[121.467733,31.2294514],[121.4679,31.2291714],[121.4681751,31.2287454],[121.4681992,31.2287009]]}},{"type":"Feature","id":10628444,"properties":{"osmId":10628444,"bicycle":"no","highway":"secondary","lanes":"2","name":"淮海中路","name:en":"Middle Huaihai Road","name:zh":"淮海中路","name:zh-Hans":"淮海中路","name:zh-Hant":"淮海中路","name:zh-Latn-pinyin":"Huáihǎi Zhōnglù","source":"interpolation","source:bicycle":"local knowledge","surface":"asphalt"},"geometry":{"type":"LineString","coordinates":[[121.4708644,31.2255394],[121.4711589,31.2256601],[121.4719577,31.2259874],[121.4722501,31.2261072],[121.4728132,31.2263379],[121.4729833,31.2264076]]}},{"type":"Feature","id":10629715,"properties":{"osmId":10629715,"cycleway":"lane","highway":"secondary","lanes":"2","name":"河南南路","name:en":"South Henan Road","name:zh":"河南南路","name:zh-Hans":"河南南路","name:zh-Hant":"河南南路","oneway":"yes","source":"interpolation"},"geometry":{"type":"LineString","coordinates":[[121.4854941,31.2238026],[121.485402,31.223996],[121.4853127,31.2241686],[121.4850898,31.224599],[121.4848772,31.2250183],[121.4846191,31.2255059],[121.4841731,31.2263366]]}},{"type":"Feature","id":11624193,"properties":{"osmId":11624193,"cycleway:both":"no","highway":"residential","lanes":"2","name":"滇池路","name:en":"Dianchi Road","name:zh":"滇池路","name:zh-Hans":"滇池路","name:zh-Hant":"滇池路","oneway":"yes","oneway:bicycle":"no","surface":"asphalt"},"geometry":{"type":"LineString","coordinates":[[121.4855411,31.2413209],[121.4855129,31.2413087],[121.4854766,31.2413053],[121.485391,31.2413136],[121.4835939,31.2414928],[121.4832021,31.2415285],[121.4831496,31.2415307],[121.4831134,31.2415214],[121.4827593,31.2414095],[121.4821111,31.2412155],[121.4816452,31.2410731]]}},{"type":"Feature","id":11624195,"properties":{"osmId":11624195,"cycleway:both":"no","highway":"residential","name":"圆明园路","name:en":"Yuanmingyuan Road","name:zh":"圆明园路","name:zh-Hans":"圆明园路","name:zh-Hant":"圓明園路","oneway":"yes","oneway:bicycle":"no","surface":"fine_gravel"},"geometry":{"type":"LineString","coordinates":[[121.4838125,31.2426914],[121.4837971,31.2426711],[121.4837837,31.2426413],[121.483764,31.2425953],[121.4837398,31.2424784],[121.4837,31.2422824],[121.483696,31.2422628],[121.483657,31.2420168],[121.4835939,31.2414928]]}},{"type":"Feature","id":11624973,"properties":{"osmId":11624973,"cycleway:both":"no","highway":"residential","name":"汉口路","name:en":"Hankou Road","name:zh":"汉口路","name:zh-Hans":"汉口路","name:zh-Hant":"漢口路","oneway":"yes","oneway:bicycle":"no"},"geometry":{"type":"LineString","coordinates":[[121.4710178,31.2348628],[121.4711357,31.2349035],[121.4723119,31.2353097],[121.4730791,31.2355657],[121.4745197,31.2358856],[121.4756377,31.2361753],[121.4757995,31.2362165]]}},{"type":"Feature","id":11624985,"properties":{"osmId":11624985,"bicycle":"no","highway":"tertiary","lanes":"2","name":"福州路","name:en":"Fuzhou Road","name:etymology:wikidata":"Q68481","oneway":"yes"},"geometry":{"type":"LineString","coordinates":[[121.4764234,31.2352563],[121.4754406,31.2349078],[121.4751319,31.2347906],[121.4749687,31.2347386],[121.4747132,31.2346373],[121.4742025,31.2344459],[121.4737619,31.2342751],[121.4731119,31.2340153]]}},{"type":"Feature","id":11624990,"properties":{"osmId":11624990,"highway":"residential","name":"江西中路","name:en":"Middle Jiangxi Road","oneway":"yes"},"geometry":{"type":"LineString","coordinates":[[121.4801953,31.2448441],[121.4803348,31.2444548],[121.4804233,31.2442204],[121.4804962,31.2440272],[121.4805668,31.2438351],[121.4806553,31.2435969],[121.4807217,31.2434414],[121.4807862,31.2432887],[121.4808402,31.2431522],[121.4809115,31.2429655],[121.4810619,31.2425488]]}},{"type":"Feature","id":11628184,"properties":{"osmId":11628184,"highway":"service","service":"driveway"},"geometry":{"type":"LineString","coordinates":[[121.4825955,31.2433917],[121.4825921,31.2435271],[121.4825852,31.2437231],[121.4825756,31.243908],[121.4825704,31.2440971],[121.4825691,31.2443124]]}},{"type":"Feature","id":11628185,"properties":{"osmId":11628185,"highway":"service","service":"driveway"},"geometry":{"type":"LineString","coordinates":[[121.4821591,31.2439025],[121.4825756,31.243908]]}},{"type":"Feature","id":11628187,"properties":{"osmId":11628187,"addr:housenumber":"81","highway":"service","service":"driveway"},"geometry":{"type":"LineString","coordinates":[[121.4820978,31.244086],[121.4825704,31.2440971],[121.4828828,31.2440979]]}},{"type":"Feature","id":11631594,"properties":{"osmId":11631594,"highway":"tertiary","lanes":"3","name":"福建南路","name:en":"South Fujian Road","oneway":"yes"},"geometry":{"type":"LineString","coordinates":[[121.4793427,31.231956],[121.4790039,31.2324808],[121.4789771,31.2325223],[121.4789441,31.2325734],[121.4788296,31.2327457]]}},{"type":"Feature","id":11632317,"properties":{"osmId":11632317,"highway":"tertiary","lanes":"1","oneway":"yes"},"geometry":{"type":"LineString","coordinates":[[121.4839916,31.2334689],[121.4839351,31.2336071],[121.4838736,31.2337195],[121.4838166,31.2338376]]}},{"type":"Feature","id":11635146,"properties":{"osmId":11635146,"bicycle":"no","bridge":"yes","highway":"trunk","lanes":"3","layer":"2","motorroad":"yes","name":"延安高架路","name:en":"Yan'an Elevated Road","name:zh":"延安高架路","name:zh-Hans":"延安高架路","name:zh-Hant":"延安高架路","oneway":"yes","surface":"asphalt"},"geometry":{"type":"LineString","coordinates":[[121.466264,31.2268692],[121.4675517,31.2273745],[121.4680346,31.2275909],[121.4681904,31.2276556],[121.4691282,31.2280514],[121.4701431,31.2284486]]}},{"type":"Feature","id":15419875,"properties":{"osmId":15419875,"highway":"secondary","lanes":"4","name":"西藏南路","name:en":"South Xizang Road","oneway":"yes","source":"interpolation","surface":"asphalt","trolley_wire":"yes"},"geometry":{"type":"LineString","coordinates":[[121.4766479,31.2258886],[121.4764041,31.2264839],[121.4762547,31.2268235],[121.4759111,31.2276041]]}},{"type":"Feature","id":15419906,"properties":{"osmId":15419906,"highway":"tertiary","lanes":"2","name":"福建南路","name:en":"South Fujian Road","name:zh":"福建南路","name:zh-Hans":"福建南路","name:zh-Hant":"福建南路","oneway":"yes"},"geometry":{"type":"LineString","coordinates":[[121.4805116,31.2301876],[121.4803697,31.2304038],[121.4803251,31.2304717],[121.4800988,31.2308053],[121.4799582,31.2310119]]}},{"type":"Feature","id":15419971,"properties":{"osmId":15419971,"cycleway:right":"lane","highway":"secondary","name":"人民路","name:en":"Renmin Road","name:zh":"人民路","name:zh-Hans":"人民路","name:zh-Hant":"人民路","name:zh-Latn-pinyin":"Rénmín Lù","oneway":"yes","surface":"asphalt"},"geometry":{"type":"LineString","coordinates":[[121.4826178,31.2309684],[121.4824274,31.230925],[121.4823868,31.2309157],[121.4820275,31.2307833],[121.4817861,31.2306744],[121.4815849,31.2305918],[121.4811504,31.2304359],[121.4807427,31.2302822],[121.4805116,31.2301876]]}},{"type":"Feature","id":15670277,"properties":{"osmId":15670277,"bicycle":"no","highway":"secondary","name":"西藏中路","name:en":"Middle Xizang Road","name:etymology:wikidata":"Q17269","oneway":"yes"},"geometry":{"type":"LineString","coordinates":[[121.4719013,31.2335565],[121.4718212,31.2336659],[121.4714915,31.2341179],[121.4712843,31.2344406],[121.471256,31.2344847],[121.4710178,31.2348628],[121.4705,31.2356837]]}},{"type":"Feature","id":15670282,"properties":{"osmId":15670282,"highway":"residential","name":"厦门路","name:en":"Xiamen Road"},"geometry":{"type":"LineString","coordinates":[[121.468587,31.2407539],[121.4692812,31.2409902],[121.4695164,31.2410664],[121.4696086,31.2410943],[121.4703251,31.2413235],[121.4704653,31.2413658],[121.4707555,31.2414534],[121.4709135,31.2414883],[121.4710749,31.2415132],[121.4718719,31.2416056],[121.4720332,31.2416654],[121.4725985,31.2418321],[121.4731783,31.2419898],[121.473843,31.2421612]]}},{"type":"Feature","id":19997100,"properties":{"osmId":19997100,"cycleway":"lane","highway":"secondary","lanes":"2","name":"河南南路","name:en":"South Henan Road","name:zh":"河南南路","name:zh-Hans":"河南南路","name:zh-Hant":"河南南路","oneway":"yes","source":"interpolation"},"geometry":{"type":"LineString","coordinates":[[121.4822313,31.2328285],[121.4823026,31.2325544],[121.4824026,31.2320524]]}},{"type":"Feature","id":24474520,"properties":{"osmId":24474520,"highway":"secondary","name":"北京东路","name:en":"East Beijing Road","old_name":"北京路","old_name:en":"Peking Road","surface":"asphalt","trolley_wire":"yes","wikidata":"Q10902006"},"geometry":{"type":"LineString","coordinates":[[121.4690652,31.2397037],[121.4692554,31.239747]]}},{"type":"Feature","id":24576913,"properties":{"osmId":24576913,"cycleway":"lane","highway":"tertiary","lanes":"2","name":"黄陂北路","name:en":"North Huangpi Road","name:zh":"黄陂北路","name:zh-Hans":"黄陂北路","name:zh-Hant":"黃陂北路"},"geometry":{"type":"LineString","coordinates":[[121.467733,31.2294514],[121.4676839,31.2294933],[121.4676032,31.2295444],[121.467534,31.229578],[121.4674376,31.2296224],[121.4673945,31.2296422],[121.4673299,31.2297088],[121.4672943,31.229741],[121.4672533,31.2298054],[121.4672209,31.2298673],[121.4671881,31.229925],[121.4671258,31.2300343]]}},{"type":"Feature","id":24576919,"properties":{"osmId":24576919,"cycleway":"lane","highway":"tertiary","lanes":"1","name":"九江路","name:en":"Jiujiang Road","name:zh":"九江路","name:zh-Hans":"九江路","name:zh-Hant":"九江路","trolley_wire":"yes"},"geometry":{"type":"LineString","coordinates":[[121.4837537,31.2393945],[121.4830641,31.2392202],[121.4824081,31.2390423]]}},{"type":"Feature","id":24576922,"properties":{"osmId":24576922,"bicycle":"no","highway":"tertiary","lanes":"3","name":"人民大道","name:en":"People's Avenue","name:zh":"人民大道","name:zh-Hans":"人民大道","name:zh-Hant":"人民大道","oneway":"yes","surface":"asphalt"},"geometry":{"type":"LineString","coordinates":[[121.4671258,31.2300343],[121.4673073,31.230154],[121.4688386,31.2311638],[121.4691668,31.2313745],[121.4696807,31.2317079],[121.4701863,31.2320411],[121.4705448,31.2322731],[121.4711616,31.2326847],[121.4714858,31.23289],[121.4716289,31.2329834],[121.4717984,31.2330854],[121.4719742,31.2331912]]}},{"type":"Feature","id":24577455,"properties":{"osmId":24577455,"cycleway:both":"no","highway":"residential","name":"云南中路","name:en":"Middle Yunnan Road","name:zh":"云南中路","name:zh-Hans":"云南中路","name:zh-Hant":"雲南中路","oneway":"yes","oneway:bicycle":"no"},"geometry":{"type":"LineString","coordinates":[[121.4719348,31.2359912],[121.4719744,31.2359203],[121.4723119,31.2353097],[121.4727357,31.2346397],[121.4730718,31.2340856],[121.4731119,31.2340153],[121.4731692,31.2339076],[121.4732632,31.2337304],[121.4733264,31.2336127],[121.4734211,31.2334266],[121.4735136,31.233261],[121.4735939,31.2331128],[121.4737458,31.2328355],[121.4739347,31.2324729],[121.4740708,31.2322341],[121.474406,31.2317635],[121.4748025,31.2312285]]}},{"type":"Feature","id":24577522,"properties":{"osmId":24577522,"cycleway:both":"no","highway":"residential","name":"北海路","name:en":"Beihai Road","name:zh":"北海路","name:zh-Hans":"北海路","name:zh-Hant":"北海路","oneway":"yes","oneway:bicycle":"no"},"geometry":{"type":"LineString","coordinates":[[121.4764711,31.2329898],[121.4763891,31.2328712],[121.4763444,31.2328158],[121.4762622,31.2327337],[121.476135,31.2326323],[121.4760709,31.2325863],[121.4759743,31.2325359],[121.4758302,31.2324776],[121.475638,31.2324018],[121.4754759,31.2323507],[121.4753062,31.2323048],[121.4750917,31.232256],[121.475003,31.2322447],[121.4747607,31.2322274],[121.4744633,31.2322232],[121.4740708,31.2322341],[121.4739115,31.232245],[121.4735977,31.2322707],[121.4730335,31.2323269],[121.473007,31.2323289],[121.4727588,31.2323499]]}},{"type":"Feature","id":24577531,"properties":{"osmId":24577531,"cycleway":"opposite_lane","highway":"tertiary","layer":"1","name":"浙江路桥","name:en":"Zhejiang Road Bridge","oneway":"yes","trolley_wire":"yes"},"geometry":{"type":"LineString","coordinates":[[121.472005,31.243067],[121.472002,31.2430178]]}},{"type":"Feature","id":24621218,"properties":{"osmId":24621218,"highway":"tertiary","name":"浙江南路","name:en":"South Zhejiang Road","name:zh":"浙江南路","name:zh-Hans":"浙江南路","name:zh-Hant":"浙江南路","oneway":"yes"},"geometry":{"type":"LineString","coordinates":[[121.4771596,31.2321075],[121.4774929,31.231642],[121.4778224,31.231113],[121.4781489,31.230669],[121.4784655,31.2302284],[121.4788332,31.2297053],[121.4789483,31.2295382],[121.4792767,31.2290198]]}},{"type":"Feature","id":30620685,"properties":{"osmId":30620685,"highway":"residential","name":"光复路","name:en":"Guangfu Road","name:zh":"光复路","name:zh-Hans":"光复路","name:zh-Hant":"光復路","surface":"asphalt"},"geometry":{"type":"LineString","coordinates":[[121.4542476,31.2407354],[121.4544721,31.2408765],[121.4547234,31.241107],[121.4549544,31.2413347],[121.4555655,31.2420189],[121.4557532,31.2422409],[121.45596,31.2424758],[121.4561887,31.2427119],[121.4562808,31.2427897],[121.4563823,31.2428562],[121.4565648,31.2429419],[121.4567476,31.2430224],[121.4569347,31.2430972],[121.4574059,31.2432727],[121.457642,31.2433523],[121.4578779,31.243431],[121.4580349,31.2434869],[121.4581168,31.2435092],[121.4584659,31.2435807],[121.4587108,31.2436353],[121.4588541,31.2436436],[121.458916,31.2436416],[121.4589987,31.2436383],[121.4590787,31.2436356],[121.4592119,31.2436272],[121.4593694,31.2436085],[121.4595398,31.243582],[121.4597015,31.2435536],[121.4598565,31.2435219],[121.4602011,31.2434411],[121.4602336,31.2434349],[121.4602674,31.2434304],[121.4603007,31.2434282],[121.4604253,31.2434248],[121.4604795,31.2434208],[121.460524,31.2434145],[121.4605755,31.2434033],[121.4607811,31.2433414],[121.4609994,31.2432714],[121.461467,31.2431125],[121.4615707,31.2430777],[121.461693,31.2430368],[121.4618745,31.2429652],[121.4620531,31.2428875],[121.4622243,31.2428028],[121.4623936,31.2427171],[121.4625472,31.2426302],[121.4626898,31.242539],[121.4629606,31.2423446],[121.4630841,31.242259],[121.46321,31.2421717],[121.4635341,31.2419532],[121.4636023,31.2419104],[121.4636738,31.2418701],[121.463768,31.2418207],[121.4638583,31.2417783],[121.4639478,31.2417388],[121.4640415,31.2417027],[121.4641377,31.2416708],[121.4642372,31.2416407],[121.4643277,31.2416177],[121.46442,31.2415979],[121.4649716,31.2414997],[121.4650762,31.2414881],[121.4651741,31.2414821],[121.465258,31.2414818],[121.4653411,31.2414841],[121.4654269,31.24149],[121.4655087,31.2415001],[121.4655895,31.2415155],[121.4656706,31.2415356],[121.4657723,31.2415634]]}},{"type":"Feature","id":33683346,"properties":{"osmId":33683346,"highway":"residential","name":"方浜中路","name:en":"Middle Fangbang Road"},"geometry":{"type":"LineString","coordinates":[[121.4792112,31.2236239],[121.4796361,31.2237957],[121.4800046,31.2239611],[121.4802888,31.2241352],[121.4805019,31.2242522],[121.4807382,31.2244079],[121.4808268,31.2245121],[121.4811253,31.2247604],[121.481416,31.2249194],[121.4815877,31.224996],[121.4817465,31.2250669],[121.4819812,31.2251478],[121.482142,31.2252328],[121.482184,31.2253104],[121.4821813,31.2254541],[121.4821744,31.2255592],[121.4821645,31.2256616],[121.4822708,31.2257805],[121.4823489,31.2258552],[121.482458,31.2259481],[121.4825725,31.2260475],[121.4827548,31.2261822],[121.483052,31.2263491],[121.4833524,31.2264298],[121.4837043,31.2264078],[121.4840293,31.2263214]]}},{"type":"Feature","id":35994116,"properties":{"osmId":35994116,"highway":"residential","name":"宁波路","name:en":"Ningbo Road","surface":"asphalt"},"geometry":{"type":"LineString","coordinates":[[121.4825297,31.2419024],[121.4821224,31.2417211],[121.4819126,31.241651],[121.4816922,31.2415845],[121.4814532,31.2415298]]}},{"type":"Feature","id":35994898,"properties":{"osmId":35994898,"cycleway:both":"no","highway":"residential","lit":"yes","name":"山西南路","name:en":"South Shanxi Road","name:zh":"山西南路","name:zh-Hans":"山西南路","name:zh-Hant":"山西南路","oneway":"no","oneway:bicycle":"no"},"geometry":{"type":"LineString","coordinates":[[121.4770812,31.2405419],[121.4774844,31.2397128],[121.4778341,31.2389372]]}},{"type":"Feature","id":35994972,"properties":{"osmId":35994972,"cycleway:both":"no","highway":"residential","name":"山东北路","name:en":"North Shandong Road","name:zh":"山东北路","name:zh-Hans":"山东北路","name:zh-Hant":"山東北路","oneway":"yes","oneway:bicycle":"no"},"geometry":{"type":"LineString","coordinates":[[121.4781957,31.2409232],[121.4780834,31.2412149],[121.4780193,31.2413851],[121.4779553,31.2415463],[121.4778665,31.2417717],[121.477741,31.2420774]]}},{"type":"Feature","id":39366819,"properties":{"osmId":39366819,"cycleway":"lane","highway":"residential","name":"威海路","name:en":"Weihai Road","trolley_wire":"yes"},"geometry":{"type":"LineString","coordinates":[[121.4629139,31.2294736],[121.4646154,31.2295794],[121.4649758,31.2295738],[121.4650967,31.2295747]]}},{"type":"Feature","id":39697113,"properties":{"osmId":39697113,"highway":"residential"},"geometry":{"type":"LineString","coordinates":[[121.4846845,31.2298892],[121.4847876,31.2293631],[121.4848794,31.2288795],[121.4849322,31.2285992],[121.4849952,31.2283198],[121.4850248,31.2281882],[121.4850506,31.2280733],[121.485098,31.2278625],[121.4851284,31.2277271],[121.4851747,31.2275212],[121.4851898,31.227454],[121.4852071,31.2273771],[121.4852572,31.2271544],[121.4852677,31.2271076],[121.4852915,31.2270016],[121.485342,31.2267646]]}},{"type":"Feature","id":39697220,"properties":{"osmId":39697220,"highway":"residential","name":"福佑路","name:en":"Fuyou Road"},"geometry":{"type":"LineString","coordinates":[[121.4815642,31.2295275],[121.4822756,31.229626],[121.4828831,31.229704]]}},{"type":"Feature","id":39697252,"properties":{"osmId":39697252,"highway":"residential","lit":"yes","name":"沉香阁路","name:en":"Chenxiangge Road","surface":"asphalt"},"geometry":{"type":"LineString","coordinates":[[121.4848794,31.2288795],[121.4852877,31.2289304],[121.4855093,31.2289582],[121.4858512,31.2290011],[121.4861989,31.2290446]]}},{"type":"Feature","id":39697464,"properties":{"osmId":39697464,"highway":"residential","name":"昼锦路","name:en":"Zhoujin Road"},"geometry":{"type":"LineString","coordinates":[[121.4897382,31.2266353],[121.4888822,31.2266537],[121.4887168,31.2266573],[121.4886438,31.2266424],[121.4884515,31.226603],[121.4883261,31.2265773],[121.4878222,31.2264759],[121.4873944,31.2263841],[121.4870133,31.2262906],[121.4868103,31.2262321],[121.4855779,31.2258177],[121.4846191,31.2255059],[121.4844909,31.2254841]]}},{"type":"Feature","id":39705367,"properties":{"osmId":39705367,"addr:city":"上海市","highway":"residential","name":"四川中路","name:en":"Middle Sichuan Road","name:zh":"四川中路","name:zh-Hans":"四川中路","name:zh-Hant":"四川中路"},"geometry":{"type":"LineString","coordinates":[[121.4854953,31.2344744],[121.4854203,31.2345773],[121.4853564,31.2346872],[121.485211,31.2350301],[121.4851254,31.2352418],[121.4850983,31.2353088],[121.484911,31.2358409],[121.4847685,31.2362271],[121.4846742,31.2365063],[121.4845827,31.2367784],[121.4844111,31.2372973],[121.4840613,31.2383855],[121.484024,31.238562]]}},{"type":"Feature","id":39763700,"properties":{"osmId":39763700,"bicycle":"no","highway":"tertiary","lanes":"3","name":"人民大道","name:en":"People's Avenue","name:zh":"人民大道","name:zh-Hans":"人民大道","name:zh-Hant":"人民大道","oneway":"yes","surface":"asphalt"},"geometry":{"type":"LineString","coordinates":[[121.471899,31.2333002],[121.4713639,31.2329564],[121.4704311,31.232341],[121.4701207,31.2321314],[121.4691013,31.231454],[121.4687714,31.2312429],[121.4684854,31.2310551],[121.4682059,31.2308631],[121.4672391,31.23024],[121.4670613,31.2301254]]}},{"type":"Feature","id":39838520,"properties":{"osmId":39838520,"cycleway":"lane","highway":"residential","name":"威海路","name:en":"Weihai Road","oneway":"yes","oneway:bicycle":"no"},"geometry":{"type":"LineString","coordinates":[[121.4668043,31.2305194],[121.4665974,31.2304073],[121.4663484,31.2302672],[121.4656404,31.229883],[121.4654734,31.2297831],[121.4650967,31.2295747]]}},{"type":"Feature","id":39838530,"properties":{"osmId":39838530,"cycleway":"lane","highway":"tertiary","lanes":"2","trolley_wire":"yes"},"geometry":{"type":"LineString","coordinates":[[121.4686119,31.2279786],[121.4686363,31.2279133],[121.4686689,31.2278455]]}},{"type":"Feature","id":39838630,"properties":{"osmId":39838630,"highway":"residential","name":"重庆北路","name:en":"North Chongqing Road","name:zh":"重庆北路","name:zh-Hans":"重庆北路","name:zh-Hant":"重慶北路"},"geometry":{"type":"LineString","coordinates":[[121.4657209,31.226969],[121.4657198,31.2269889],[121.4657168,31.2270419],[121.4656927,31.2277213],[121.4656534,31.2278474],[121.4650831,31.2294834],[121.4650967,31.2295747]]}},{"type":"Feature","id":39838691,"properties":{"osmId":39838691,"highway":"residential","name":"江阴路","name:en":"Jiangyin Road","oneway:bicycle":"yes","oneway:electric_scooter":"no"},"geometry":{"type":"LineString","coordinates":[[121.4628334,31.2311683],[121.4629877,31.2312018],[121.4634875,31.231353],[121.4636569,31.2314044],[121.4637564,31.2314346],[121.4637777,31.2314411],[121.4639336,31.2314707],[121.4640306,31.2314872],[121.464076,31.2314949],[121.4641568,31.2315095],[121.4643558,31.2315864],[121.4644616,31.2316273],[121.4645427,31.2316586],[121.4647322,31.2316979],[121.4647736,31.2317065],[121.4649997,31.2316264],[121.4650443,31.2316264],[121.4651628,31.2316264],[121.4654791,31.2317917],[121.4655734,31.231841],[121.4658829,31.2320027],[121.4659997,31.2320637]]}},{"type":"Feature","id":39838751,"properties":{"osmId":39838751,"highway":"residential","lanes:backward":"1","lanes:forward":"1","name":"大沽路","name:en":"Dagu Road","name:zh":"大沽路","name:zh-Hans":"大沽路","name:zh-Hant":"大沽路"},"geometry":{"type":"LineString","coordinates":[[121.4681992,31.2287009],[121.4678164,31.2285796],[121.4675528,31.2285004],[121.4674725,31.228489],[121.4673145,31.2284762],[121.4671699,31.2284707],[121.4670876,31.2284461],[121.4670256,31.2284249],[121.4669512,31.228384],[121.4668642,31.2283231],[121.4668334,31.2283006],[121.4667066,31.2282083],[121.4662459,31.2280576],[121.4659029,31.2279454],[121.4656534,31.2278474],[121.4650758,31.2277741],[121.4646721,31.227727],[121.4636099,31.2276514]]}},{"type":"Feature","id":39838854,"properties":{"osmId":39838854,"bicycle":"yes","highway":"residential","name":"新昌路","name:en":"Xinchang Road","name:zh":"新昌路","name:zh-Hans":"新昌路","name:zh-Hant":"新昌路","oneway":"yes"},"geometry":{"type":"LineString","coordinates":[[121.464401,31.2353217],[121.4645972,31.2348918],[121.4648013,31.2346077],[121.4655472,31.23384]]}},{"type":"Feature","id":39839107,"properties":{"osmId":39839107,"bridge":"yes","highway":"trunk_link","lanes":"1","layer":"2","oneway":"yes"},"geometry":{"type":"LineString","coordinates":[[121.4696062,31.228401],[121.4694344,31.2283435],[121.4690739,31.2282228],[121.4680409,31.2278233]]}},{"type":"Feature","id":39839131,"properties":{"osmId":39839131,"bicycle":"no","bridge":"yes","foot":"no","highway":"trunk_link","lanes":"2","layer":"2","oneway":"yes"},"geometry":{"type":"LineString","coordinates":[[121.4634498,31.2273167],[121.4639018,31.2267531],[121.4639883,31.2266645],[121.4640642,31.2266033],[121.4641392,31.2265544],[121.4641936,31.2265238],[121.4643246,31.2264694],[121.4644334,31.2264323],[121.4645624,31.2263938],[121.4646319,31.2263773],[121.464732,31.2263591],[121.4648064,31.2263516],[121.4649108,31.2263484],[121.4649993,31.2263506],[121.465086,31.2263549],[121.4651958,31.2263676],[121.465289,31.2263809],[121.4653708,31.2264037],[121.4654723,31.2264338],[121.4657048,31.2265161],[121.4662613,31.2267397]]}},{"type":"Feature","id":39839275,"properties":{"osmId":39839275,"bicycle":"no","bridge":"yes","foot":"no","highway":"trunk_link","lanes":"2","layer":"3","oneway":"yes"},"geometry":{"type":"LineString","coordinates":[[121.4657521,31.226954],[121.4656215,31.2268709],[121.4655527,31.226838],[121.4651588,31.2266879],[121.4650048,31.2266252],[121.464937,31.2265816],[121.464856,31.226511],[121.4648087,31.2264539],[121.464766,31.2263818],[121.4647338,31.2262809],[121.4647307,31.2261995],[121.4647378,31.226141],[121.4647501,31.2260955],[121.4647705,31.2260465],[121.4648115,31.2259721],[121.4648645,31.2259027],[121.4649426,31.2258241],[121.4652112,31.2256032],[121.4653791,31.2254191]]}},{"type":"Feature","id":39839504,"properties":{"osmId":39839504,"bicycle":"no","highway":"tertiary","name":"湖北路","name:en":"Hubei Road","name:zh":"湖北路","name:zh-Hans":"湖北路","name:zh-Hant":"湖北路","oneway":"yes","trolley_wire":"yes"},"geometry":{"type":"LineString","coordinates":[[121.4739303,31.2374602],[121.4740773,31.2373674],[121.4741891,31.2372968],[121.4750563,31.2367491]]}},{"type":"Feature","id":39839521,"properties":{"osmId":39839521,"highway":"tertiary","name":"海口路","name:en":"Haikou Road","oneway":"yes","surface":"asphalt"},"geometry":{"type":"LineString","coordinates":[[121.4768191,31.2338895],[121.4765343,31.2331682],[121.4764711,31.2329898]]}},{"type":"Feature","id":39839919,"properties":{"osmId":39839919,"cycleway:both":"no","highway":"residential","lanes":"1","name":"牛庄路","name:en":"Niuzhuang Road","oneway":"-1","oneway:bicycle":"no","surface":"asphalt"},"geometry":{"type":"LineString","coordinates":[[121.4749731,31.2400305],[121.4741301,31.2398842],[121.4738706,31.2398423],[121.4734432,31.2397679],[121.4725178,31.2396066],[121.4719051,31.2393778],[121.4713237,31.2391809],[121.4706512,31.2389544],[121.4703344,31.2388486],[121.4701437,31.2387849],[121.4701307,31.2387769],[121.4697362,31.2385346],[121.4694698,31.2382944]]}},{"type":"Feature","id":39840268,"properties":{"osmId":39840268,"cycleway:both":"no","highway":"residential","name":"宁波路","name:en":"Ningbo Road","oneway":"yes","oneway:bicycle":"no","surface":"asphalt"},"geometry":{"type":"LineString","coordinates":[[121.4702991,31.2382326],[121.4708425,31.2383572],[121.4715399,31.2385213],[121.4718299,31.2385928],[121.4719527,31.2386233],[121.4721454,31.2386714],[121.4726983,31.2388139],[121.4729362,31.2388863],[121.4731955,31.2389732],[121.4736601,31.2391287],[121.4738698,31.2391989],[121.4739684,31.2392319],[121.4741764,31.2393078],[121.4743352,31.2393744],[121.474445,31.2394232],[121.4746488,31.2395072],[121.4747657,31.2395516],[121.4750214,31.2396293],[121.475114,31.2396558]]}},{"type":"Feature","id":39840341,"properties":{"osmId":39840341,"highway":"residential","lit":"yes","name":"六合路","name:en":"Liuhe Road","name:zh":"六合路","name:zh-Hans":"六合路","name:zh-Hant":"六合路","oneway":"yes","surface":"asphalt"},"geometry":{"type":"LineString","coordinates":[[121.4699225,31.2395174],[121.4701437,31.2387849],[121.4702991,31.2382326],[121.470315,31.2381802],[121.4706928,31.2369429]]}},{"type":"Feature","id":39840400,"properties":{"osmId":39840400,"highway":"residential","name":"云南北路","name:en":"North Yunnan Road","surface":"asphalt"},"geometry":{"type":"LineString","coordinates":[[121.4708425,31.2383572],[121.4706512,31.2389544],[121.4705085,31.2394166]]}},{"type":"Feature","id":39840494,"properties":{"osmId":39840494,"cycleway:both":"no","highway":"residential","name":"芝罘路","name:en":"Zhifu Road","oneway":"yes","oneway:bicycle":"no","surface":"asphalt"},"geometry":{"type":"LineString","coordinates":[[121.4692554,31.239747],[121.4695434,31.239628],[121.4697457,31.2395615],[121.4699225,31.2395174],[121.4704431,31.2394177],[121.4705085,31.2394166],[121.4706682,31.239461],[121.4711521,31.2396192],[121.4717387,31.2398107],[121.4723141,31.2400051]]}},{"type":"Feature","id":39841152,"properties":{"osmId":39841152,"highway":"service","name":"五福弄","name:en":"Wufu Alley","name:zh":"五福弄","name:zh-Hans":"五福弄","name:zh-Hant":"五福弄"},"geometry":{"type":"LineString","coordinates":[[121.4762916,31.2403242],[121.4764011,31.2399961],[121.4764475,31.2398095],[121.476601,31.2394077],[121.476555,31.2393261],[121.4766255,31.2391301],[121.4766445,31.2390769],[121.4767616,31.2387185],[121.4769071,31.2383152],[121.4769387,31.2382232]]}},{"type":"Feature","id":39841285,"properties":{"osmId":39841285,"highway":"service","name":"北无锡路","name:en":"North Wuxi Road"},"geometry":{"type":"LineString","coordinates":[[121.4750575,31.2406416],[121.4757176,31.2408188],[121.4759718,31.2408834],[121.4760881,31.2409019],[121.4762787,31.2409489],[121.4768218,31.2411044]]}},{"type":"Feature","id":39841315,"properties":{"osmId":39841315,"highway":"service","name":"南无锡路","name:en":"South Wuxi Road"},"geometry":{"type":"LineString","coordinates":[[121.4738706,31.2398423],[121.4738419,31.2399506],[121.4738468,31.239984],[121.4746754,31.240203],[121.474876,31.2402619],[121.4751617,31.2403315],[121.4758215,31.2405036],[121.4761142,31.2405805],[121.4766845,31.2407507],[121.4768786,31.240484]]}},{"type":"Feature","id":39841369,"properties":{"osmId":39841369,"highway":"service","name":"顾家弄","name:en":"Gujia Lane","service":"alley"},"geometry":{"type":"LineString","coordinates":[[121.4730769,31.2406836],[121.4734432,31.2397679],[121.4736601,31.2391287]]}},{"type":"Feature","id":39841492,"properties":{"osmId":39841492,"cycleway:both":"no","highway":"residential","name":"汕头路","name:en":"Shantou Road","oneway":"yes","oneway:bicycle":"no"},"geometry":{"type":"LineString","coordinates":[[121.4741096,31.2337049],[121.4734211,31.2334266],[121.4724169,31.2330281],[121.4722975,31.2329801]]}},{"type":"Feature","id":39841517,"properties":{"osmId":39841517,"highway":"residential","name":"平望街","name:en":"Pingwang Street"},"geometry":{"type":"LineString","coordinates":[[121.4742025,31.2344459],[121.4747546,31.2335692],[121.4749223,31.233301]]}},{"type":"Feature","id":39841890,"properties":{"osmId":39841890,"highway":"residential","name":"昭通路","name:en":"Zhaotong Road","oneway":"yes"},"geometry":{"type":"LineString","coordinates":[[121.4813475,31.2360456],[121.4800664,31.2357233]]}},{"type":"Feature","id":39918842,"properties":{"osmId":39918842,"highway":"tertiary","name":"江西南路","name:en":"South Jiangxi Road","name:zh":"江西南路","name:zh-Hans":"江西南路","name:zh-Hant":"江西南路","oneway":"yes"},"geometry":{"type":"LineString","coordinates":[[121.4842211,31.2326737],[121.484001,31.2332068],[121.4840432,31.2332986],[121.4839916,31.2334689]]}},{"type":"Feature","id":39919150,"properties":{"osmId":39919150,"highway":"residential","name":"溪口路","name:en":"Xikou Road","surface":"asphalt"},"geometry":{"type":"LineString","coordinates":[[121.4849338,31.2337297],[121.4852802,31.2330136]]}},{"type":"Feature","id":39920011,"properties":{"osmId":39920011,"highway":"residential","name":"盛泽路","name:en":"Shengze Road","name:zh":"盛泽路","name:zh-Hans":"盛泽路","name:zh-Hant":"盛澤路","oneway":"yes"},"geometry":{"type":"LineString","coordinates":[[121.4811504,31.2304359],[121.4808835,31.2308648],[121.4807978,31.2310044],[121.4807117,31.2311446],[121.4805951,31.2313351],[121.4802153,31.2320191],[121.4801135,31.2321589],[121.4797263,31.2329229]]}},{"type":"Feature","id":39920222,"properties":{"osmId":39920222,"highway":"residential","name":"松下路","name:en":"Songxia Road"},"geometry":{"type":"LineString","coordinates":[[121.4815657,31.2317907],[121.4812847,31.2324636],[121.4811365,31.2325492],[121.4810511,31.2326447]]}},{"type":"Feature","id":39920377,"properties":{"osmId":39920377,"highway":"residential","name":"金门路","name:en":"Jinmen Road","name:zh":"金门路","name:zh-Hans":"金门路","name:zh-Hant":"金門路","oneway":"yes"},"geometry":{"type":"LineString","coordinates":[[121.4820684,31.2319568],[121.4822526,31.2314386],[121.4822921,31.2313152],[121.4823382,31.2311717],[121.4824274,31.230925]]}},{"type":"Feature","id":39920505,"properties":{"osmId":39920505,"highway":"residential","maxspeed":"30","name":"永寿路","name:en":"Yongshou Road","name:zh":"永寿路","name:zh-Hans":"永寿路","name:zh-Hant":"永壽路","oneway":"yes"},"geometry":{"type":"LineString","coordinates":[[121.4763021,31.2316776],[121.4766692,31.2312267],[121.4770559,31.2307438],[121.4774211,31.2302837],[121.4777589,31.2298577],[121.4779296,31.2296598],[121.4780295,31.2295302],[121.4781171,31.2294249],[121.4782258,31.2292929],[121.4782764,31.2292347],[121.4783299,31.2291704],[121.4783861,31.2291038],[121.4784327,31.2290449],[121.4786178,31.2288177],[121.4786729,31.2287406],[121.4787658,31.2286335],[121.4788323,31.2285325],[121.4789154,31.2283703]]}},{"type":"Feature","id":39920550,"properties":{"osmId":39920550,"cycleway:both":"no","highway":"residential","maxspeed":"30","name":"广西南路","name:en":"South Guangxi Road","name:zh":"广西南路","name:zh-Hans":"广西南路","name:zh-Hant":"廣西南路","oneway":"yes","oneway:bicycle":"no"},"geometry":{"type":"LineString","coordinates":[[121.4780536,31.2284857],[121.4778459,31.2287113],[121.4777341,31.2288473],[121.4776284,31.2289667],[121.4775328,31.2290896],[121.4774174,31.2292409],[121.4772194,31.2294847],[121.4771708,31.2295446],[121.4770018,31.2297482],[121.4768946,31.2298793],[121.4768174,31.2299737],[121.4767838,31.2300145],[121.4766766,31.2301484],[121.4765693,31.2302805],[121.4764468,31.2304325],[121.4756861,31.2313993]]}},{"type":"Feature","id":39920593,"properties":{"osmId":39920593,"cycleway":"lane","highway":"tertiary","name":"人民路","name:en":"Renmin Road","name:zh":"人民路","name:zh-Hans":"人民路","name:zh-Hant":"人民路","name:zh-Latn-pinyin":"Rénmín Lù"},"geometry":{"type":"LineString","coordinates":[[121.4787255,31.2251508],[121.4786303,31.2254754],[121.4785659,31.2256761],[121.4785286,31.2257853],[121.4784709,31.2260761],[121.4784495,31.2262775],[121.4783406,31.2270642],[121.4783369,31.2271109],[121.4783287,31.2272165],[121.4783887,31.2275174],[121.4786119,31.2279284],[121.4786939,31.2280478],[121.4787731,31.2281632],[121.4789154,31.2283703],[121.4792767,31.2290198]]}},{"type":"Feature","id":39920684,"properties":{"osmId":39920684,"cycleway:both":"no","highway":"residential","maxspeed":"30","name":"云南南路","name:en":"South Yunnan Road","name:zh":"云南南路","name:zh-Hans":"云南南路","name:zh-Hant":"雲南南路","oneway":"yes","oneway:bicycle":"no"},"geometry":{"type":"LineString","coordinates":[[121.4750298,31.2310881],[121.4758037,31.2301127],[121.4761718,31.2296444],[121.4763635,31.2294006],[121.4765168,31.2292032],[121.4767499,31.2288927],[121.4771564,31.2283463],[121.4772594,31.2281589],[121.4776613,31.2273621],[121.4778316,31.2269886],[121.47805,31.2265173],[121.4781775,31.2262422],[121.4782092,31.2261739],[121.4782691,31.2260217]]}},{"type":"Feature","id":39921025,"properties":{"osmId":39921025,"cycleway:both":"no","highway":"residential","name":"宁海东路","name:en":"East Ninghai Road","name:zh":"宁海东路","name:zh-Hans":"宁海东路","name:zh-Hant":"寧海東路","oneway":"yes","oneway:bicycle":"no"},"geometry":{"type":"LineString","coordinates":[[121.474627,31.229524],[121.4753237,31.2298759],[121.4758037,31.2301127],[121.4764468,31.2304325],[121.4770559,31.2307438],[121.4778224,31.231113],[121.4787519,31.2315545],[121.4794066,31.2318594],[121.4801135,31.2321589],[121.4808344,31.2325181],[121.4810511,31.2326447],[121.4814144,31.2329238]]}},{"type":"Feature","id":39921192,"properties":{"osmId":39921192,"bicycle":"no","highway":"secondary","lanes":"4","name":"西藏南路","name:en":"South Xizang Road","name:zh":"西藏南路","name:zh-Hans":"西藏南路","name:zh-Hant":"西藏南路","oneway":"yes","source":"interpolation","surface":"asphalt","trolley_wire":"yes"},"geometry":{"type":"LineString","coordinates":[[121.4759111,31.2276041],[121.4757733,31.2278902],[121.4756286,31.2281403],[121.4755207,31.2283011],[121.4754568,31.2283757],[121.4752966,31.2285658]]}},{"type":"Feature","id":39921470,"properties":{"osmId":39921470,"bicycle":"no","highway":"service","name":"普安路","name:en":"Pu'an Road","name:zh":"普安路","name:zh-Hans":"普安路","name:zh-Hant":"普安路","oneway":"yes"},"geometry":{"type":"LineString","coordinates":[[121.4725084,31.2273025],[121.4724,31.2274899],[121.4721127,31.2279681]]}},{"type":"Feature","id":39921531,"properties":{"osmId":39921531,"cycleway":"lane","highway":"tertiary","lit":"yes","maxspeed:type":"CN-SH:urban","name":"龙门路","name:en":"Longmen Road","surface":"asphalt"},"geometry":{"type":"LineString","coordinates":[[121.4740169,31.2280424],[121.474041,31.2277878],[121.4740786,31.2275275]]}},{"type":"Feature","id":39921672,"properties":{"osmId":39921672,"highway":"residential","lit":"yes","maxspeed:type":"CN-SH:urban","name":"望亭路","name:en":"Wangting Road","name:zh":"望亭路","name:zh-Hans":"望亭路","name:zh-Hant":"望亭路","surface":"asphalt"},"geometry":{"type":"LineString","coordinates":[[121.4715359,31.2268921],[121.4719577,31.2259874]]}},{"type":"Feature","id":39921673,"properties":{"osmId":39921673,"highway":"residential","name":"嵩山路","name:en":"Songshan Road","name:zh":"嵩山路","name:zh-Hans":"嵩山路","name:zh-Hant":"嵩山路"},"geometry":{"type":"LineString","coordinates":[[121.4708644,31.2255394],[121.4711577,31.2248623],[121.4712501,31.224634],[121.4712896,31.224552],[121.4713292,31.2244669],[121.4714317,31.2242463],[121.4715867,31.2238493],[121.47162,31.2237639]]}},{"type":"Feature","id":39959308,"properties":{"osmId":39959308,"highway":"residential","name":"山西北路","name:en":"North Shanxi Road"},"geometry":{"type":"LineString","coordinates":[[121.476314,31.2425247],[121.476306,31.2426761],[121.4761986,31.2430841],[121.4761923,31.2431081],[121.4761481,31.2432826],[121.4760947,31.2434956],[121.4759675,31.2442252],[121.4759216,31.2444888],[121.4757444,31.2454359]]}},{"type":"Feature","id":39959318,"properties":{"osmId":39959318,"highway":"secondary","lit":"yes","name":"曲阜路","name:en":"Qufu Road","oneway":"yes"},"geometry":{"type":"LineString","coordinates":[[121.4716649,31.2451032],[121.4714114,31.2450494],[121.4702465,31.2447986],[121.4700794,31.2447632],[121.4698545,31.2447279],[121.4684528,31.2445159],[121.4679522,31.244437],[121.4675394,31.2443669],[121.4672542,31.2443157],[121.4670485,31.2442947],[121.4669059,31.2442781]]}},{"type":"Feature","id":39959340,"properties":{"osmId":39959340,"bridge":"yes","highway":"secondary","layer":"1","lit":"yes","maxweight:signed":"no","name":"西藏北路","name:en":"Xizang Road Bridge","oneway":"yes","surface":"asphalt","trolley_wire":"yes"},"geometry":{"type":"LineString","coordinates":[[121.468134,31.2416433],[121.467756,31.2421899],[121.4674043,31.2426618]]}},{"type":"Feature","id":39959351,"properties":{"osmId":39959351,"cycleway":"lane","highway":"secondary","lanes":"6","lit":"yes","name":"曲阜西路","name:en":"West Qufu Road","oneway":"yes","surface":"asphalt"},"geometry":{"type":"LineString","coordinates":[[121.4669059,31.2442781],[121.466733,31.2442477],[121.466542,31.2442307],[121.4661402,31.2441816],[121.465565,31.2441165],[121.4654479,31.2441032],[121.4651056,31.2440759],[121.4641469,31.2439269],[121.463867,31.2438943]]}},{"type":"Feature","id":39959455,"properties":{"osmId":39959455,"highway":"residential","name":"文安路","name:en":"Wen'an Road","oneway":"yes"},"geometry":{"type":"LineString","coordinates":[[121.4679798,31.2442959],[121.4679867,31.2442652],[121.4681217,31.2436682],[121.468139,31.2436085],[121.468165,31.2435573],[121.4685724,31.2430261]]}},{"type":"Feature","id":39959499,"properties":{"osmId":39959499,"highway":"residential","name":"甘肃路","name:en":"Gansu Road"},"geometry":{"type":"LineString","coordinates":[[121.4702633,31.2436696],[121.4702504,31.2437446],[121.4701108,31.244554],[121.4700968,31.2446309],[121.4700882,31.2446783],[121.4700794,31.2447632]]}},{"type":"Feature","id":39960670,"properties":{"osmId":39960670,"highway":"secondary","lit":"yes","name":"西藏中路","name:en":"Middle Xizang Road","oneway":"yes","surface":"asphalt","trolley_wire":"yes"},"geometry":{"type":"LineString","coordinates":[[121.468751,31.2404105],[121.468587,31.2407539],[121.4685626,31.2408041],[121.4683365,31.2412849],[121.468134,31.2416433]]}},{"type":"Feature","id":39960684,"properties":{"osmId":39960684,"cycleway":"opposite_lane","highway":"tertiary","name":"浙江北路","name:en":"North Zhejiang Road","oneway":"yes","trolley_wire":"yes"},"geometry":{"type":"LineString","coordinates":[[121.4720458,31.2437218],[121.472039,31.2436241]]}},{"type":"Feature","id":39960687,"properties":{"osmId":39960687,"cycleway":"opposite_lane","highway":"tertiary","name":"浙江中路","name:en":"Middle Zhejiang Road","oneway":"yes","trolley_wire":"yes","wikidata":"Q11148486"},"geometry":{"type":"LineString","coordinates":[[121.472002,31.2430178],[121.4719915,31.2428423],[121.4719817,31.2424397],[121.4719829,31.2423232],[121.4719868,31.2422258],[121.4720332,31.2416654]]}},{"type":"Feature","id":40035158,"properties":{"osmId":40035158,"highway":"residential","name:en":"Zihua Road"},"geometry":{"type":"LineString","coordinates":[[121.4834174,31.2275366],[121.4835451,31.2275651]]}},{"type":"Feature","id":40035325,"properties":{"osmId":40035325,"highway":"residential","name":"寿宁路","name:en":"Shouning Road"},"geometry":{"type":"LineString","coordinates":[[121.4784709,31.2260761],[121.4782691,31.2260217],[121.4770635,31.2256688],[121.4767668,31.2255904],[121.4766187,31.2255533]]}},{"type":"Feature","id":40035606,"properties":{"osmId":40035606,"highway":"residential","name":"大境路","name:en":"Dajing Road"},"geometry":{"type":"LineString","coordinates":[[121.4784495,31.2262775],[121.478706,31.2262908],[121.4788639,31.2263243],[121.4792295,31.2264848],[121.4796278,31.2266993],[121.4799748,31.2268509],[121.4804679,31.2269824],[121.4808861,31.2270982],[121.480938,31.2271118],[121.4816951,31.2273108],[121.4818321,31.2273468],[121.4821205,31.2274224],[121.4822315,31.2274448],[121.4827784,31.2275506],[121.4833716,31.2276404]]}},{"type":"Feature","id":40035904,"properties":{"osmId":40035904,"highway":"residential","name":"露香园路","name:en":"Luxiangyuan Road"},"geometry":{"type":"LineString","coordinates":[[121.4817465,31.2250669],[121.4816746,31.2251879],[121.4815514,31.2253944],[121.4814816,31.2255114],[121.4814042,31.2256411],[121.4813582,31.2257183],[121.4813388,31.2257819],[121.4813067,31.2258871],[121.4812273,31.2261629],[121.4811771,31.2263],[121.4811429,31.2264498],[121.480938,31.2271118],[121.4806838,31.2278058],[121.4803786,31.228591],[121.4801504,31.229157],[121.4800707,31.229322],[121.4799313,31.2294782]]}},{"type":"Feature","id":40035935,"properties":{"osmId":40035935,"highway":"residential","name":"狮子街","name:en":"Shizi Street"},"geometry":{"type":"LineString","coordinates":[[121.4822315,31.2274448],[121.4824819,31.2267048],[121.4827548,31.2261822]]}},{"type":"Feature","id":40035992,"properties":{"osmId":40035992,"highway":"residential","name":"旧仓街","name:en":"Jiucang Street"},"geometry":{"type":"LineString","coordinates":[[121.4821205,31.2274224],[121.4821131,31.2274449],[121.4820669,31.2275856],[121.4820282,31.2277151],[121.4819997,31.2278557],[121.4819853,31.2279465],[121.4819653,31.2280382],[121.4819079,31.2282371],[121.4818869,31.2283429],[121.4818537,31.2284931],[121.4818058,31.2287292],[121.4817954,31.2287797],[121.4817788,31.2288596],[121.4817558,31.2289312],[121.4817365,31.2289914],[121.4816968,31.2291147],[121.4815642,31.2295275],[121.4815299,31.2300266],[121.4815599,31.230335]]}},{"type":"Feature","id":40036066,"properties":{"osmId":40036066,"access":"no","highway":"residential","name":"同庆街","name:en":"Tongqing Street"},"geometry":{"type":"LineString","coordinates":[[121.4788384,31.224823],[121.4792697,31.224955],[121.4795248,31.2250231],[121.4797825,31.2251077],[121.4800345,31.2252043],[121.4801546,31.2252906]]}},{"type":"Feature","id":40036454,"properties":{"osmId":40036454,"highway":"residential","name":"松雪街","name:en":"Songxue Street"},"geometry":{"type":"LineString","coordinates":[[121.4827548,31.2261822],[121.4828513,31.2259863],[121.4829067,31.2258729],[121.4829811,31.2257206],[121.4830399,31.2256001],[121.4831048,31.2254672],[121.4832177,31.225236],[121.4832389,31.2251926],[121.4833999,31.2248629],[121.4835606,31.2245339],[121.4837278,31.2241915],[121.4837819,31.2240807],[121.4837961,31.2240496],[121.4838572,31.2239163],[121.483911,31.2237989],[121.4839857,31.2236358]]}},{"type":"Feature","id":40036882,"properties":{"osmId":40036882,"cycleway":"lane","highway":"secondary","lanes":"2","name":"河南南路","name:en":"South Henan Road","oneway":"yes","source":"interpolation"},"geometry":{"type":"LineString","coordinates":[[121.4828831,31.229704],[121.4829559,31.2292974],[121.4831012,31.2286165],[121.483115,31.228555]]}},{"type":"Feature","id":40113010,"properties":{"osmId":40113010,"highway":"residential","name":"福建北路","name:en":"North Fujian Road","oneway":"yes"},"geometry":{"type":"LineString","coordinates":[[121.4745954,31.2425666],[121.4745625,31.2429538],[121.4745271,31.2433089],[121.4745149,31.2434274],[121.4744802,31.2436289],[121.4743651,31.2440055],[121.4742564,31.2440932]]}},{"type":"Feature","id":40113020,"properties":{"osmId":40113020,"bicycle":"no","highway":"secondary","lanes":"2","maxspeed":"40","maxspeed:type":"sign","name":"河南中路","name:en":"Middle Henan Road","oneway":"yes","surface":"asphalt","trolley_wire":"yes"},"geometry":{"type":"LineString","coordinates":[[121.4787871,31.2433362],[121.479043,31.2428021],[121.4791836,31.242459],[121.4792097,31.2423947]]}},{"type":"Feature","id":40139708,"properties":{"osmId":40139708,"highway":"residential","name":"柳林路","name:en":"Liulin Road","name:zh":"柳林路","name:zh-Hans":"柳林路","name:zh-Hant":"柳林路"},"geometry":{"type":"LineString","coordinates":[[121.4761654,31.2243737],[121.476122,31.2246377],[121.4758371,31.2253215]]}},{"type":"Feature","id":40297647,"properties":{"osmId":40297647,"busway:left":"lane","highway":"primary","lanes":"4","name":"延安东路","name:en":"East Yan'an Road","name:zh":"延安东路","name:zh-Hans":"延安东路","name:zh-Hant":"延安東路","name:zh-Latn-pinyin":"Yán'ān Dōnglù","oneway":"yes","surface":"asphalt"},"geometry":{"type":"LineString","coordinates":[[121.4740036,31.230492],[121.4744326,31.2307761],[121.4745486,31.2308392],[121.4746672,31.2309038],[121.4750298,31.2310881],[121.4756861,31.2313993]]}},{"type":"Feature","id":40297715,"properties":{"osmId":40297715,"bicycle":"no","highway":"secondary","lanes":"2","maxspeed:type":"sign","name":"淮海东路","name:en":"East Huaihai Road","name:zh":"淮海东路","name:zh-Hans":"淮海东路","name:zh-Hant":"淮海東路","source":"interpolation","source:bicycle":"local_knowledge","surface":"asphalt"},"geometry":{"type":"LineString","coordinates":[[121.4759111,31.2276041],[121.4769266,31.228022],[121.4772594,31.2281589],[121.4780536,31.2284857],[121.4786729,31.2287406],[121.4788224,31.2288021],[121.4791374,31.2289317]]}},{"type":"Feature","id":41866232,"properties":{"osmId":41866232,"highway":"residential","name":"晋元路","name:en":"Jinyuan Road"},"geometry":{"type":"LineString","coordinates":[[121.4654677,31.2440123],[121.4654558,31.2440652],[121.4654479,31.2441032],[121.4654329,31.244175],[121.4653977,31.2443599],[121.4653657,31.2445509],[121.4653065,31.2449409],[121.4652886,31.2450548]]}},{"type":"Feature","id":46975377,"properties":{"osmId":46975377,"bicycle":"no","highway":"secondary","lanes":"2","name":"河南中路","name:en":"Middle Henan Road","name:zh":"河南中路","name:zh-Hans":"河南中路","name:zh-Hant":"河南中路","oneway":"yes","surface":"asphalt"},"geometry":{"type":"LineString","coordinates":[[121.4822933,31.2330403],[121.4822503,31.2331022],[121.4822181,31.2331563],[121.4821547,31.2333004],[121.4821131,31.2334714],[121.4820967,31.2335388],[121.4820045,31.2339462],[121.4819289,31.2342758],[121.4819036,31.2343861],[121.4818089,31.2347993],[121.4816958,31.2352802],[121.481625,31.2355777],[121.4815895,31.2356928],[121.4814721,31.236074],[121.4813806,31.2364613],[121.4813189,31.2367007]]}},{"type":"Feature","id":46975399,"properties":{"osmId":46975399,"bicycle":"no","highway":"secondary","lanes":"2","name":"河南中路","name:en":"Middle Henan Road","name:zh":"河南中路","name:zh-Hans":"河南中路","name:zh-Hant":"河南中路","oneway":"yes"},"geometry":{"type":"LineString","coordinates":[[121.4811841,31.2366656],[121.4813475,31.2360456],[121.4813841,31.2359131],[121.4814649,31.2356356],[121.4815554,31.2352752],[121.4816693,31.2347746],[121.4817846,31.2342292],[121.4820032,31.2333384],[121.482034,31.2332408],[121.4820694,31.2331723]]}},{"type":"Feature","id":47053612,"properties":{"osmId":47053612,"bicycle":"no","bridge":"yes","highway":"trunk","lanes":"3","layer":"2","motorroad":"yes","name":"延安高架路","name:en":"Yan'an Elevated Road","name:zh":"延安高架路","name:zh-Hans":"延安高架路","name:zh-Hant":"延安高架路","oneway":"yes","surface":"asphalt"},"geometry":{"type":"LineString","coordinates":[[121.4696062,31.228401],[121.4690776,31.2281204],[121.4662077,31.2269725]]}},{"type":"Feature","id":47150988,"properties":{"osmId":47150988,"bicycle":"no","highway":"secondary","lanes":"1","name":"九江路","name:en":"Jiujiang Road","name:zh":"九江路","name:zh-Hans":"九江路","name:zh-Hant":"九江路","source":"Bing","trolley_wire":"yes","wikidata":"Q15924655","wikipedia":"zh:九江路 (上海)"},"geometry":{"type":"LineString","coordinates":[[121.4806165,31.2385778],[121.4804521,31.2385422],[121.4797257,31.2383684],[121.4788783,31.2381381],[121.478272,31.2379528],[121.4776058,31.237731],[121.4773937,31.2376545],[121.4771281,31.2375522],[121.4767894,31.2374147],[121.4761819,31.2371615]]}},{"type":"Feature","id":47150994,"properties":{"osmId":47150994,"highway":"tertiary","name":"湖北路","name:en":"Hubei Road","name:zh":"湖北路","name:zh-Hans":"湖北路","name:zh-Hant":"湖北路","trolley_wire":"yes"},"geometry":{"type":"LineString","coordinates":[[121.4750563,31.2367491],[121.4753835,31.2365444],[121.4756356,31.2363861],[121.4757536,31.2362841],[121.4757995,31.2362165]]}},{"type":"Feature","id":47152604,"properties":{"osmId":47152604,"access":"private","highway":"service","oneway":"yes"},"geometry":{"type":"LineString","coordinates":[[121.4704311,31.232341],[121.4703427,31.2324336],[121.4702932,31.232489],[121.470158,31.2326338],[121.4695894,31.2332654],[121.4693324,31.2331058],[121.4689685,31.2328701],[121.4683203,31.2324634],[121.4680841,31.232311],[121.4680305,31.2322743],[121.4679983,31.2322101],[121.4680305,31.2320908],[121.4686309,31.2313972],[121.4686751,31.2313469],[121.4687714,31.2312429]]}},{"type":"Feature","id":47157274,"properties":{"osmId":47157274,"bicycle":"no","highway":"secondary","lit":"yes","name":"西藏中路","name:en":"Middle Xizang Road","oneway":"yes","surface":"asphalt","wikidata":"Q6705140"},"geometry":{"type":"LineString","coordinates":[[121.4689387,31.2395778],[121.4690521,31.2391783],[121.4691251,31.2389311],[121.4692157,31.2386462],[121.4693926,31.2380997],[121.4696927,31.2372075],[121.4697267,31.2371109],[121.4698926,31.2366394],[121.4699482,31.2365248]]}},{"type":"Feature","id":47157276,"properties":{"osmId":47157276,"bridge":"yes","highway":"secondary","layer":"1","lit":"yes","maxweight:signed":"no","name":"西藏北路","name:en":"Xizang Road Bridge","oneway":"yes","surface":"asphalt","trolley_wire":"yes"},"geometry":{"type":"LineString","coordinates":[[121.4672882,31.2426128],[121.4679587,31.2417002],[121.468036,31.2415866]]}},{"type":"Feature","id":47157277,"properties":{"osmId":47157277,"highway":"residential","name":"西藏路","name:en":"North Xizang Road","oneway":"yes"},"geometry":{"type":"LineString","coordinates":[[121.4670062,31.2435072],[121.4669621,31.2433632],[121.4669772,31.2432382],[121.4670018,31.2431351],[121.4670786,31.2428891],[121.4671694,31.2426637],[121.4673388,31.2423519]]}},{"type":"Feature","id":47157282,"properties":{"osmId":47157282,"cycleway:right":"lane","highway":"secondary","name":"西藏南路","name:en":"South Xizang Road","name:zh":"西藏南路","name:zh-Hans":"西藏南路","name:zh-Hant":"西藏南路","oneway":"yes","source":"interpolation","trolley_wire":"yes"},"geometry":{"type":"LineString","coordinates":[[121.473888,31.2304434],[121.4740665,31.230128],[121.4743374,31.2297378],[121.4750117,31.2287075],[121.4750582,31.2286353],[121.4751662,31.228508]]}},{"type":"Feature","id":47224973,"properties":{"osmId":47224973,"bicycle":"no","highway":"tertiary_link","name":"金陵西路","name:en":"West Jinling Road","oneway":"yes"},"geometry":{"type":"LineString","coordinates":[[121.4666389,31.2255194],[121.4664397,31.2255263],[121.4660239,31.2254644],[121.4658489,31.2254884]]}},{"type":"Feature","id":47268380,"properties":{"osmId":47268380,"highway":"residential","name":"天津路","name:en":"Tianjin Road","name:etymology:wikidata":"Q11736","oneway":"yes","surface":"asphalt"},"geometry":{"type":"LineString","coordinates":[[121.4733272,31.238251],[121.4732525,31.2381939],[121.4731754,31.2381637],[121.4730728,31.2381387],[121.4723513,31.2379682],[121.4721892,31.2379323],[121.471758,31.2378384]]}},{"type":"Feature","id":48872352,"properties":{"osmId":48872352,"highway":"service","service":"parking_aisle"},"geometry":{"type":"LineString","coordinates":[[121.4641575,31.2329052],[121.4642175,31.232817],[121.4648936,31.2318226],[121.4649741,31.231742],[121.4650914,31.2317143],[121.4652262,31.2317532],[121.4655142,31.2319207],[121.4658319,31.2321055],[121.4658414,31.232111],[121.4656118,31.2325884],[121.4657463,31.2326308]]}},{"type":"Feature","id":49076698,"properties":{"osmId":49076698,"access":"private","highway":"service"},"geometry":{"type":"LineString","coordinates":[[121.4695394,31.2322949],[121.4696496,31.2323466],[121.4697774,31.2323511],[121.46983,31.2323425],[121.4698748,31.2323299],[121.4699519,31.2322911],[121.4699784,31.2322724],[121.4700361,31.2322316],[121.4701207,31.2321314]]}},{"type":"Feature","id":49224804,"properties":{"osmId":49224804,"cycleway:right":"lane","highway":"secondary","name":"人民路","name:en":"Renmin Road","name:zh":"人民路","name:zh-Hans":"人民路","name:zh-Hant":"人民路","name:zh-Latn-pinyin":"Rénmín Lù","oneway":"yes","surface":"asphalt"},"geometry":{"type":"LineString","coordinates":[[121.4797232,31.2293782],[121.4799313,31.2294782],[121.4800111,31.2295476],[121.4802532,31.2297695],[121.4804055,31.2298638],[121.4806368,31.2299782],[121.4808419,31.2300689],[121.4815599,31.230335],[121.4817953,31.2304243],[121.4824714,31.2306733],[121.4825825,31.2307117],[121.4826683,31.2307414]]}},{"type":"Feature","id":50258372,"properties":{"osmId":50258372,"highway":"residential","name":"温州路","name:en":"Wenzhou Road","surface":"paved"},"geometry":{"type":"LineString","coordinates":[[121.4660263,31.2382487],[121.4658842,31.238531],[121.4656329,31.2390556],[121.4655301,31.2392567],[121.4654906,31.2393339],[121.4653358,31.2395067],[121.4651043,31.2399916],[121.4649435,31.2404039]]}},{"type":"Feature","id":50258373,"properties":{"osmId":50258373,"cycleway":"opposite_lane","highway":"residential","lit":"yes","name":"牯岭路","name:en":"Guling Road","oneway":"yes"},"geometry":{"type":"LineString","coordinates":[[121.4691251,31.2389311],[121.4676695,31.2383237],[121.4669524,31.2380673],[121.4662948,31.237821],[121.4662761,31.237814],[121.4662527,31.2378053],[121.4656338,31.2375735]]}},{"type":"Feature","id":50258374,"properties":{"osmId":50258374,"highway":"residential","name":"长沙路","name:en":"Changsha Road","surface":"asphalt","trolley_wire":"yes"},"geometry":{"type":"LineString","coordinates":[[121.4665875,31.2401347],[121.4669453,31.2395521],[121.4669743,31.239503],[121.4673725,31.2388527]]}},{"type":"Feature","id":50258375,"properties":{"osmId":50258375,"highway":"residential","name":"白河路","name:en":"Baihe Road"},"geometry":{"type":"LineString","coordinates":[[121.4676181,31.2367153],[121.4672965,31.2373209],[121.4669524,31.2380673]]}},{"type":"Feature","id":50258376,"properties":{"osmId":50258376,"bicycle":"no","highway":"tertiary","name":"黄河路","name:en":"Huanghe Road"},"geometry":{"type":"LineString","coordinates":[[121.4672458,31.2351075],[121.4671855,31.2351642]]}},{"type":"Feature","id":50258394,"properties":{"osmId":50258394,"highway":"residential","name":"定兴路","name:en":"Dingxing Road"},"geometry":{"type":"LineString","coordinates":[[121.4660062,31.2368227],[121.4667319,31.2370834],[121.4668806,31.2371625],[121.4669602,31.2372016],[121.4670389,31.2372325],[121.4672965,31.2373209]]}},{"type":"Feature","id":50323382,"properties":{"osmId":50323382,"highway":"secondary","lit":"yes","name":"西藏北路","name:en":"North Xizang Road","oneway":"yes","trolley_wire":"yes"},"geometry":{"type":"LineString","coordinates":[[121.466588,31.2467086],[121.4666175,31.2464684],[121.4666467,31.2462687],[121.4666615,31.2461576],[121.4666969,31.2459249],[121.4667304,31.2456542],[121.4667584,31.2453834],[121.4667747,31.2452616],[121.4667995,31.2450764],[121.4668753,31.2445044],[121.4668821,31.2444531],[121.4669059,31.2442781],[121.4669184,31.2441655],[121.4669402,31.2439686],[121.4669458,31.2439223],[121.4669815,31.2436822],[121.4670062,31.2435072],[121.4670558,31.243248],[121.4672882,31.2426128]]}},{"type":"Feature","id":50323384,"properties":{"osmId":50323384,"highway":"residential","name":"西藏路","name:en":"North Xizang Road","oneway":"yes"},"geometry":{"type":"LineString","coordinates":[[121.4676062,31.2424933],[121.4674529,31.2427584],[121.4674029,31.2428606],[121.4673552,31.242973],[121.4672828,31.2432025],[121.4672486,31.243407],[121.4671594,31.2434778]]}},{"type":"Feature","id":50417969,"properties":{"osmId":50417969,"access":"private","highway":"service"},"geometry":{"type":"LineString","coordinates":[[121.4683203,31.2324634],[121.4680198,31.2328029]]}},{"type":"Feature","id":51317415,"properties":{"osmId":51317415,"highway":"residential","lit":"yes","name":"金华路"},"geometry":{"type":"LineString","coordinates":[[121.4732444,31.2372156],[121.4735192,31.2363642]]}},{"type":"Feature","id":53672070,"properties":{"osmId":53672070,"bicycle":"no","bus":"no","foot":"no","goods":"no","hgv":"no","highway":"primary","lanes":"3","maxheight":"3","maxspeed":"40","mofa":"no","moped":"no","motorcar":"yes","motorcycle":"no","name":"外滩隧道","name:en":"Bund Tunnel","oneway":"yes","taxi":"yes"},"geometry":{"type":"LineString","coordinates":[[121.4835841,31.2333501],[121.4836924,31.2334529],[121.4837552,31.233502],[121.4838491,31.2335601],[121.4839351,31.2336071],[121.4840402,31.2336461],[121.4841561,31.2336758],[121.4843214,31.2337202],[121.4844725,31.2337596],[121.484604,31.2337967],[121.4847356,31.2338353],[121.4848226,31.233866],[121.4849223,31.233903],[121.4850128,31.2339458],[121.4851771,31.2340402],[121.4853164,31.2341181],[121.4854569,31.2341956],[121.4854983,31.2342225]]}},{"type":"Feature","id":70935952,"properties":{"osmId":70935952,"highway":"residential","name":"紫金路","name:en":"Zijin Road","name:zh":"紫金路","name:zh-Hans":"紫金路","name:zh-Hant":"紫金路","oneway":"yes"},"geometry":{"type":"LineString","coordinates":[[121.4828465,31.2328542],[121.4828631,31.2327945],[121.4830001,31.2322534],[121.4830633,31.2320267],[121.483284,31.231208]]}},{"type":"Feature","id":71269779,"properties":{"osmId":71269779,"highway":"primary","name":"延安东路","name:en":"East Yan'an Road","name:zh":"延安东路","name:zh-Hans":"延安东路","name:zh-Hant":"延安東路","name:zh-Latn-pinyin":"Yán'ān Dōnglù","oneway":"yes","surface":"asphalt"},"geometry":{"type":"LineString","coordinates":[[121.470807,31.2290029],[121.4707639,31.2288727]]}},{"type":"Feature","id":71269782,"properties":{"osmId":71269782,"access":"no","bicycle":"yes","highway":"residential","motor_vehicle":"no","name":"武胜路","name:en":"Wusheng Road","surface":"asphalt"},"geometry":{"type":"LineString","coordinates":[[121.4670613,31.2301254],[121.4670462,31.2300426],[121.4670462,31.2299646],[121.4670539,31.229906],[121.4670677,31.2297972],[121.4670516,31.2297215],[121.466998,31.2296618],[121.4669332,31.2296262],[121.4666981,31.2295788]]}},{"type":"Feature","id":71310746,"properties":{"osmId":71310746,"highway":"secondary_link","name":"人民路隧道","name:en":"Renmin Road Tunnel","name:zh":"人民路隧道","name:zh-Hans":"人民路隧道","name:zh-Hant":"人民路隧道","oneway":"yes"},"geometry":{"type":"LineString","coordinates":[[121.4849911,31.2314792],[121.4845823,31.2314186],[121.4835684,31.2312213],[121.4827593,31.2309982]]}},{"type":"Feature","id":71310752,"properties":{"osmId":71310752,"highway":"secondary","name":"人民路","name:en":"Renmin Road","name:zh":"人民路","name:zh-Hans":"人民路","name:zh-Hant":"人民路","name:zh-Latn-pinyin":"Rénmín Lù","note":"Left turns only onto Henan Road Southbound","oneway":"yes","surface":"asphalt"},"geometry":{"type":"LineString","coordinates":[[121.4858428,31.2315164],[121.4854943,31.2314851],[121.4842671,31.2312799],[121.4833031,31.2310998],[121.4827593,31.2309982]]}},{"type":"Feature","id":71310758,"properties":{"osmId":71310758,"highway":"secondary","name":"人民路隧道","name:en":"Renmin Road Tunnel","name:zh":"人民路隧道","name:zh-Hans":"人民路隧道","name:zh-Hant":"人民路隧道","oneway":"yes","surface":"asphalt"},"geometry":{"type":"LineString","coordinates":[[121.4829919,31.2308533],[121.4834889,31.2309202],[121.4848787,31.2311745]]}},{"type":"Feature","id":71310760,"properties":{"osmId":71310760,"highway":"secondary","layer":"-1","name":"人民路隧道","name:en":"Renmin Road Tunnel","name:zh":"人民路隧道","name:zh-Hans":"人民路隧道","name:zh-Hant":"人民路隧道","oneway":"yes","tunnel":"yes"},"geometry":{"type":"LineString","coordinates":[[121.4848787,31.2311745],[121.4851892,31.2312663],[121.4856062,31.2314215]]}},{"type":"Feature","id":71310791,"properties":{"osmId":71310791,"foot":"no","highway":"secondary","maxspeed":"40","maxspeed:type":"sign","motor_vehicle":"yes","name":"人民路隧道","name:en":"Renmin Road Tunnel","name:zh":"人民路隧道","name:zh-Hans":"人民路隧道","name:zh-Hant":"人民路隧道","oneway":"yes","surface":"asphalt"},"geometry":{"type":"LineString","coordinates":[[121.4797232,31.2293782],[121.4798992,31.2295815],[121.4801942,31.2298268],[121.4803612,31.2299188],[121.4805966,31.230031],[121.481192,31.2302581],[121.4816855,31.2304553],[121.4819283,31.2305447]]}},{"type":"Feature","id":71310798,"properties":{"osmId":71310798,"foot":"no","highway":"secondary","motor_vehicle":"yes","name":"人民路隧道","name:en":"Renmin Road Tunnel","name:zh":"人民路隧道","name:zh-Hans":"人民路隧道","name:zh-Hant":"人民路隧道","oneway":"yes","surface":"asphalt"},"geometry":{"type":"LineString","coordinates":[[121.4819003,31.2306203],[121.4817875,31.2305746],[121.4814253,31.2304392],[121.4808473,31.2302248],[121.480559,31.2301158],[121.4802653,31.2299828],[121.4800346,31.2298918]]}},{"type":"Feature","id":71310803,"properties":{"osmId":71310803,"highway":"secondary_link","layer":"-1","name":"人民路隧道","name:en":"Renmin Road Tunnel","name:zh":"人民路隧道","name:zh-Hans":"人民路隧道","name:zh-Hant":"人民路隧道","oneway":"yes","tunnel":"yes"},"geometry":{"type":"LineString","coordinates":[[121.4860835,31.23153],[121.485454,31.2315195],[121.4852475,31.231508],[121.4849911,31.2314792]]}},{"type":"Feature","id":72157794,"properties":{"osmId":72157794,"cycleway":"opposite_lane","cycleway:right":"lane","highway":"residential","lit":"yes","maxspeed:type":"CN-SH:urban","name":"普安路","name:en":"Pu'an Road","name:zh":"普安路","name:zh-Hans":"普安路","name:zh-Hant":"普安路","oneway":"yes","surface":"asphalt"},"geometry":{"type":"LineString","coordinates":[[121.4733203,31.2257312],[121.4735873,31.225123],[121.4738596,31.2245717],[121.474052,31.2241714],[121.474119,31.2241063]]}},{"type":"Feature","id":73896952,"properties":{"osmId":73896952,"highway":"tertiary","name":"福建北路","name:en":"North Fujian Road","oneway":"yes"},"geometry":{"type":"LineString","coordinates":[[121.4743858,31.2435491],[121.4743604,31.2436673],[121.4743084,31.2438607],[121.4742748,31.2439931],[121.4742564,31.2440932]]}},{"type":"Feature","id":73897035,"properties":{"osmId":73897035,"bridge":"yes","highway":"tertiary","lanes":"2","layer":"1","name":"福建北路","name:en":"North Fujian Road","oneway":"yes"},"geometry":{"type":"LineString","coordinates":[[121.474399,31.2423691],[121.4744109,31.2433008],[121.4744045,31.2434246],[121.4743858,31.2435491]]}},{"type":"Feature","id":73897135,"properties":{"osmId":73897135,"bridge":"yes","highway":"tertiary","lanes":"2","layer":"1","name":"福建中路","name:en":"Middle Fujian Road","oneway":"yes"},"geometry":{"type":"LineString","coordinates":[[121.4745126,31.2413626],[121.474461,31.2414923],[121.4744214,31.241619],[121.4744026,31.2417271],[121.4743988,31.241855],[121.474399,31.2423691]]}},{"type":"Feature","id":73897147,"properties":{"osmId":73897147,"highway":"residential","lanes":"2","name":"福建中路","name:en":"Middle Fujian Road","oneway":"yes"},"geometry":{"type":"LineString","coordinates":[[121.4742939,31.2419187],[121.4742997,31.2417341],[121.4743154,31.2416355],[121.4743417,31.2415313],[121.4743715,31.2414446],[121.474465,31.2412164],[121.4745062,31.2410947],[121.4745167,31.2410634]]}},{"type":"Feature","id":73897364,"properties":{"osmId":73897364,"highway":"residential","name":"文安路","name:en":"Wen'an Road"},"geometry":{"type":"LineString","coordinates":[[121.4684528,31.2445159],[121.4683005,31.2449907],[121.4681992,31.2455708]]}},{"type":"Feature","id":73897628,"properties":{"osmId":73897628,"cycleway:both":"no","highway":"residential","name":"光复路","name:en":"Guangfu Road","oneway":"yes","oneway:bicycle":"no","surface":"asphalt"},"geometry":{"type":"LineString","coordinates":[[121.4673388,31.2423519],[121.4672688,31.2423147],[121.4662736,31.2417562],[121.4661946,31.241717],[121.4661088,31.2416782],[121.4660251,31.2416431],[121.4659329,31.2416083],[121.4657723,31.2415634]]}},{"type":"Feature","id":73897647,"properties":{"osmId":73897647,"cycleway:both":"no","highway":"residential","name":"南苏州路","name:en":"South Suzhou Road","name:zh":"南苏州路","name:zh-Hans":"南苏州路","oneway":"yes","oneway:bicycle":"no","surface":"asphalt"},"geometry":{"type":"LineString","coordinates":[[121.4681904,31.2419534],[121.4677898,31.2416775]]}},{"type":"Feature","id":73897657,"properties":{"osmId":73897657,"bicycle":"no","highway":"secondary_link","lit":"yes","name":"西藏路","name:en":"Middle Xizang Road","oneway":"yes","surface":"asphalt"},"geometry":{"type":"LineString","coordinates":[[121.4685626,31.2408041],[121.4685512,31.2409576],[121.4684614,31.2411651],[121.4683342,31.2414631],[121.4683005,31.2417064],[121.4682642,31.2417878],[121.4681904,31.2419534]]}},{"type":"Feature","id":73897667,"properties":{"osmId":73897667,"cycleway:both":"no","highway":"residential","name":"南苏州路","name:en":"South Suzhou Road","name:zh":"南苏州路","name:zh-Hans":"南苏州路","oneway":"yes","oneway:bicycle":"no","surface":"asphalt"},"geometry":{"type":"LineString","coordinates":[[121.4681904,31.2419534],[121.4683038,31.2420237],[121.4686042,31.2422732],[121.4689614,31.2425],[121.4691847,31.2426262],[121.4694851,31.2427876],[121.4697887,31.2428896],[121.470275,31.243022],[121.4706127,31.24307],[121.4708356,31.2430872],[121.4709935,31.2430918],[121.4710564,31.2430936],[121.471462,31.2430901],[121.4715734,31.2430835],[121.4716796,31.2430708],[121.4718562,31.2430423],[121.472002,31.2430178],[121.4721586,31.2429882],[121.4724371,31.2428979],[121.4726368,31.2428232],[121.4728093,31.2427421],[121.4730279,31.2426352],[121.4733198,31.2424924],[121.4736576,31.2423045],[121.4737482,31.2422406],[121.473843,31.2421612],[121.4739293,31.2421054],[121.474181,31.2419652],[121.4742939,31.2419187],[121.4743688,31.2419037],[121.4744603,31.2418932],[121.4745555,31.2418878],[121.4746749,31.241877],[121.4747402,31.2418702],[121.4749266,31.2418418],[121.4750639,31.2418239],[121.4751699,31.2418124],[121.4754547,31.241798],[121.4757821,31.2418168],[121.4761607,31.2418853],[121.4763913,31.2419446],[121.4764596,31.241967],[121.4765292,31.241994],[121.4769239,31.2421809],[121.4775064,31.242537],[121.4778308,31.2427915],[121.4785399,31.2433889],[121.4786435,31.2434955],[121.4787087,31.2435551],[121.4788063,31.2436387],[121.4793677,31.2440863],[121.479593,31.2443367],[121.4798711,31.2446174],[121.4801953,31.2448441],[121.4804998,31.2450175],[121.4809062,31.2451909],[121.4814071,31.2453432]]}},{"type":"Feature","id":73897668,"properties":{"osmId":73897668,"bicycle":"no","highway":"secondary_link","name":"西藏中路","name:en":"Middle Xizang Road","oneway":"yes","surface":"asphalt"},"geometry":{"type":"LineString","coordinates":[[121.4677898,31.2416775],[121.4679518,31.2415358],[121.4680867,31.2413762],[121.4682576,31.2410632],[121.4685247,31.2405692]]}},{"type":"Feature","id":73897717,"properties":{"osmId":73897717,"bridge":"yes","highway":"secondary","lanes":"2","layer":"1","name":"河南北路","name:en":"North Henan Road","oneway":"yes","trolley_wire":"yes"},"geometry":{"type":"LineString","coordinates":[[121.4785118,31.2439757],[121.4784017,31.244165],[121.4782924,31.2443736]]}},{"type":"Feature","id":73897718,"properties":{"osmId":73897718,"bridge":"yes","highway":"secondary","lanes":"2","layer":"1","name":"河南中路","name:en":"Middle Henan Road","oneway":"yes","trolley_wire":"yes"},"geometry":{"type":"LineString","coordinates":[[121.4788831,31.2433919],[121.4785118,31.2439757]]}},{"type":"Feature","id":73897730,"properties":{"osmId":73897730,"bridge":"yes","highway":"secondary","lanes":"2","layer":"1","name":"河南北路","name:en":"North Henan Road","oneway":"yes","trolley_wire":"yes"},"geometry":{"type":"LineString","coordinates":[[121.4782026,31.2442847],[121.4783047,31.244082],[121.4784144,31.2438879]]}},{"type":"Feature","id":73897732,"properties":{"osmId":73897732,"bridge":"yes","highway":"secondary","lanes":"2","layer":"1","name":"河南中路","name:en":"Middle Henan Road","oneway":"yes","trolley_wire":"yes"},"geometry":{"type":"LineString","coordinates":[[121.4784144,31.2438879],[121.4787871,31.2433362]]}},{"type":"Feature","id":73897746,"properties":{"osmId":73897746,"highway":"residential","name":"河南北路","name:en":"North Henan Road","oneway":"yes"},"geometry":{"type":"LineString","coordinates":[[121.4784313,31.2443511],[121.4783662,31.2443936],[121.4783235,31.2444692],[121.4782468,31.2446546],[121.4781873,31.2448705],[121.4781797,31.244898],[121.478174,31.2449185],[121.4779786,31.2456277],[121.4778709,31.2457559]]}},{"type":"Feature","id":73897748,"properties":{"osmId":73897748,"highway":"residential","name":"河南北路","name:en":"North Henan Road","oneway":"yes"},"geometry":{"type":"LineString","coordinates":[[121.4777618,31.2457242],[121.4777427,31.2456708],[121.4776996,31.2455508],[121.4778884,31.2448558],[121.4779412,31.2446998],[121.4779538,31.2446674],[121.4779996,31.2445494],[121.4781934,31.2441188]]}},{"type":"Feature","id":73897757,"properties":{"osmId":73897757,"highway":"residential","lanes":"2","name":"河南中路","name:en":"Middle Henan Road","oneway":"yes"},"geometry":{"type":"LineString","coordinates":[[121.4786435,31.2434955],[121.4790333,31.2426214],[121.4791836,31.242459]]}},{"type":"Feature","id":73897762,"properties":{"osmId":73897762,"highway":"residential","lanes":"2","name":"河南中路","name:en":"Middle Henan Road","oneway":"yes"},"geometry":{"type":"LineString","coordinates":[[121.4792789,31.2424851],[121.4792908,31.2426535],[121.4788063,31.2436387]]}},{"type":"Feature","id":73897807,"properties":{"osmId":73897807,"highway":"residential","name":"圆明园路","name:en":"Yuanmingyuan Road","old_name:en":"Yuenmingyuen Road","surface":"sett"},"geometry":{"type":"LineString","coordinates":[[121.4838125,31.2426914],[121.4838364,31.2427306],[121.4838615,31.2427583],[121.4838784,31.2427924],[121.4838793,31.242827],[121.4838364,31.2431549],[121.4838186,31.2432651],[121.4837352,31.243632]]}},{"type":"Feature","id":73897908,"properties":{"osmId":73897908,"cycleway:both":"no","highway":"residential","lanes":"1","lit":"yes","name":"宁波路","name:en":"Ningbo Road","name:zh":"宁波路","name:zh-Hans":"宁波路","name:zh-Hant":"寧波路","oneway":"yes","oneway:bicycle":"no"},"geometry":{"type":"LineString","coordinates":[[121.4749731,31.2400305],[121.4753645,31.2401177],[121.4753894,31.2401232],[121.4762916,31.2403242],[121.4768786,31.240484],[121.4770812,31.2405419],[121.4773454,31.2406389],[121.4779064,31.2408367],[121.4781957,31.2409232],[121.4782694,31.2409408],[121.4786396,31.2410291],[121.478777,31.2410555],[121.4794927,31.2411787],[121.479677,31.2412082],[121.4797797,31.2412248],[121.4801474,31.2412853],[121.4809439,31.2414322],[121.4814532,31.2415298]]}},{"type":"Feature","id":73898085,"properties":{"osmId":73898085,"highway":"service","name":"台湾路","name:en":"Taiwan Road"},"geometry":{"type":"LineString","coordinates":[[121.4751417,31.2395859],[121.4755425,31.2396692],[121.4764475,31.2398095]]}},{"type":"Feature","id":73898394,"properties":{"osmId":73898394,"cycleway:both":"no","highway":"residential","lit":"yes","name":"贵州路","name:en":"Guizhou Road","name:zh":"贵州路","name:zh-Hans":"贵州路","name:zh-Hant":"貴州路","oneway":"yes","oneway:bicycle":"no","surface":"asphalt"},"geometry":{"type":"LineString","coordinates":[[121.4719474,31.2371759],[121.471758,31.2378384],[121.4717088,31.2379925],[121.4715399,31.2385213],[121.4713974,31.2389477],[121.4713237,31.2391809],[121.4711521,31.2396192],[121.4709459,31.2401312]]}},{"type":"Feature","id":73898447,"properties":{"osmId":73898447,"highway":"residential","lit":"yes","name":"天津路","name:en":"Tianjin Road","name:etymology:wikidata":"Q11736","oneway":"yes"},"geometry":{"type":"LineString","coordinates":[[121.4799417,31.2405239],[121.4794055,31.2403478],[121.4790611,31.2402358],[121.4786966,31.2401185],[121.4780266,31.2398918],[121.4777651,31.239804],[121.4774844,31.2397128],[121.476601,31.2394077],[121.47628,31.2393033],[121.4757434,31.2391305],[121.4753737,31.2390106]]}},{"type":"Feature","id":73898450,"properties":{"osmId":73898450,"highway":"residential","name":"贵州路","name:en":"Guizhou Road","oneway":"yes"},"geometry":{"type":"LineString","coordinates":[[121.4704653,31.2413658],[121.4709459,31.2401312]]}},{"type":"Feature","id":73898738,"properties":{"osmId":73898738,"highway":"residential","name":"湖北路","name:en":"Hubei Road"},"geometry":{"type":"LineString","coordinates":[[121.4768191,31.2338895],[121.4771688,31.2333754],[121.4775638,31.2327803]]}},{"type":"Feature","id":73898745,"properties":{"osmId":73898745,"highway":"residential","name":"北海路","name:en":"Beihai Road","oneway":"yes","surface":"asphalt"},"geometry":{"type":"LineString","coordinates":[[121.4764711,31.2329898],[121.4765303,31.233012],[121.4766025,31.2330443],[121.4766854,31.2331014],[121.4768519,31.2332028],[121.4771688,31.2333754]]}},{"type":"Feature","id":73898795,"properties":{"osmId":73898795,"highway":"residential","name":"靖远街","name:en":"Jingyuan Street"},"geometry":{"type":"LineString","coordinates":[[121.4793617,31.2332241],[121.4792087,31.2337464],[121.4791572,31.2339661],[121.479056,31.23443]]}},{"type":"Feature","id":85796871,"properties":{"osmId":85796871,"bicycle":"no","highway":"secondary","lanes":"2","name":"新闸路","name:en":"Xinzha Road","name:zh":"新闸路","name:zh-Hans":"新闸路","name:zh-Hant":"新閘路","name:zh-Latn-pinyin":"Xīnzhá Lù","surface":"asphalt","trolley_wire":"yes"},"geometry":{"type":"LineString","coordinates":[[121.4665875,31.2401347],[121.4670539,31.2400589],[121.4675485,31.2399774],[121.4686611,31.2397952],[121.4688898,31.2397417]]}},{"type":"Feature","id":85796873,"properties":{"osmId":85796873,"bicycle":"no","highway":"secondary","name":"北京西路","name:en":"West Beijing Road","name:zh":"北京西路","name:zh-Hans":"北京西路","name:zh-Hant":"北京西路","name:zh-Latn-pinyin":"Běijīng Xīlù","surface":"asphalt","trolley_wire":"yes","wikidata":"Q10902424","wikipedia":"zh:北京西路 (上海)"},"geometry":{"type":"LineString","coordinates":[[121.4660263,31.2382487],[121.4664423,31.2384306],[121.4673725,31.2388527]]}},{"type":"Feature","id":85796878,"properties":{"osmId":85796878,"bicycle":"no","highway":"secondary","lit":"yes","name":"北京西路","name:en":"West Beijing Road","name:zh":"北京西路","name:zh-Hans":"北京西路","name:zh-Hant":"北京西路","name:zh-Latn-pinyin":"Běijīng Xīlù","surface":"asphalt","trolley_wire":"yes","wikidata":"Q10902424","wikipedia":"zh:北京西路 (上海)"},"geometry":{"type":"LineString","coordinates":[[121.4673725,31.2388527],[121.4676332,31.2389696],[121.4689387,31.2395778]]}},{"type":"Feature","id":85796883,"properties":{"osmId":85796883,"highway":"residential","name":"长沙路","name:en":"Changsha Road"},"geometry":{"type":"LineString","coordinates":[[121.4673725,31.2388527],[121.4676695,31.2383237],[121.4677202,31.2382329],[121.4679953,31.23774],[121.4683438,31.2372066]]}},{"type":"Feature","id":85796885,"properties":{"osmId":85796885,"cycleway":"lane","highway":"secondary","lanes":"2","name":"新闸路","name:en":"Xinzha Road","name:zh":"新闸路","name:zh-Hans":"新闸路","name:zh-Hant":"新閘路","name:zh-Latn-pinyin":"Xīnzhá Lù","surface":"asphalt","trolley_wire":"yes"},"geometry":{"type":"LineString","coordinates":[[121.4649435,31.2404039],[121.465006,31.2403937]]}},{"type":"Feature","id":116668441,"properties":{"osmId":116668441,"highway":"service","name":"盆汤弄","name:en":"Pentang Alley","name:zh":"盆汤弄","name:zh-Hans":"盆汤弄","name:zh-Hant":"盆湯弄"},"geometry":{"type":"LineString","coordinates":[[121.4755624,31.2384439],[121.4759897,31.2385501],[121.4762846,31.2386169],[121.4764492,31.2386507],[121.4767616,31.2387185],[121.4771888,31.2388166],[121.4775542,31.2389058],[121.4776499,31.2388805],[121.4778341,31.2389372]]}},{"type":"Feature","id":116729046,"properties":{"osmId":116729046,"highway":"service","service":"alley"},"geometry":{"type":"LineString","coordinates":[[121.4816953,31.2435214],[121.4807862,31.2432887]]}},{"type":"Feature","id":116729047,"properties":{"osmId":116729047,"highway":"service"},"geometry":{"type":"LineString","coordinates":[[121.4802072,31.2435859],[121.4798129,31.2435307]]}},{"type":"Feature","id":116729048,"properties":{"osmId":116729048,"highway":"service"},"geometry":{"type":"LineString","coordinates":[[121.4802557,31.2434417],[121.4798392,31.2433807]]}},{"type":"Feature","id":116729049,"properties":{"osmId":116729049,"highway":"service","service":"alley"},"geometry":{"type":"LineString","coordinates":[[121.481744,31.2433664],[121.4808402,31.2431522]]}},{"type":"Feature","id":116729050,"properties":{"osmId":116729050,"highway":"service"},"geometry":{"type":"LineString","coordinates":[[121.4803393,31.2433021],[121.4798661,31.2432126]]}},{"type":"Feature","id":116729051,"properties":{"osmId":116729051,"highway":"service","service":"alley"},"geometry":{"type":"LineString","coordinates":[[121.4820774,31.2432629],[121.4809115,31.2429655]]}},{"type":"Feature","id":116729052,"properties":{"osmId":116729052,"highway":"service"},"geometry":{"type":"LineString","coordinates":[[121.47992,31.2427555],[121.4794108,31.2427202]]}},{"type":"Feature","id":116729053,"properties":{"osmId":116729053,"highway":"service"},"geometry":{"type":"LineString","coordinates":[[121.4804962,31.2440272],[121.4804571,31.2440175],[121.4804295,31.2440102],[121.4801271,31.2439314],[121.4797339,31.2438532]]}},{"type":"Feature","id":116729054,"properties":{"osmId":116729054,"highway":"service"},"geometry":{"type":"LineString","coordinates":[[121.4799074,31.2429418],[121.4793909,31.2429024]]}},{"type":"Feature","id":116729055,"properties":{"osmId":116729055,"highway":"service"},"geometry":{"type":"LineString","coordinates":[[121.4797874,31.2436242],[121.4793471,31.2435802]]}},{"type":"Feature","id":116729056,"properties":{"osmId":116729056,"highway":"service"},"geometry":{"type":"LineString","coordinates":[[121.4803598,31.2431258],[121.4799033,31.2430428]]}},{"type":"Feature","id":116729057,"properties":{"osmId":116729057,"highway":"service"},"geometry":{"type":"LineString","coordinates":[[121.4801602,31.2437101],[121.4797763,31.2436576]]}},{"type":"Feature","id":116729058,"properties":{"osmId":116729058,"highway":"service"},"geometry":{"type":"LineString","coordinates":[[121.4798561,31.2432748],[121.4793515,31.2432305]]}},{"type":"Feature","id":116729059,"properties":{"osmId":116729059,"highway":"service"},"geometry":{"type":"LineString","coordinates":[[121.4793345,31.2433928],[121.4793515,31.2432305],[121.4793696,31.2430696],[121.4793909,31.2429024],[121.4794108,31.2427202],[121.4794295,31.2425474],[121.4795312,31.242432]]}},{"type":"Feature","id":116729060,"properties":{"osmId":116729060,"highway":"service"},"geometry":{"type":"LineString","coordinates":[[121.4800678,31.2440721],[121.4796989,31.2440024]]}},{"type":"Feature","id":116729061,"properties":{"osmId":116729061,"highway":"service"},"geometry":{"type":"LineString","coordinates":[[121.4798868,31.2431138],[121.4793696,31.2430696]]}},{"type":"Feature","id":116729062,"properties":{"osmId":116729062,"highway":"service"},"geometry":{"type":"LineString","coordinates":[[121.4799033,31.2430428],[121.4798868,31.2431138],[121.4798661,31.2432126],[121.4798561,31.2432748],[121.4798392,31.2433807],[121.4798259,31.2434425],[121.4798129,31.2435307],[121.4797874,31.2436242],[121.4797763,31.2436576],[121.4797339,31.2438532],[121.4796989,31.2440024],[121.4796282,31.2442372],[121.479593,31.2443367]]}},{"type":"Feature","id":116729063,"properties":{"osmId":116729063,"highway":"service"},"geometry":{"type":"LineString","coordinates":[[121.4790154,31.2433709],[121.4793345,31.2433928],[121.4798259,31.2434425]]}},{"type":"Feature","id":116777617,"properties":{"osmId":116777617,"highway":"service"},"geometry":{"type":"LineString","coordinates":[[121.4810389,31.2439391],[121.4817998,31.2441222]]}},{"type":"Feature","id":116777618,"properties":{"osmId":116777618,"highway":"service"},"geometry":{"type":"LineString","coordinates":[[121.4846337,31.2390104],[121.4839424,31.2388416]]}},{"type":"Feature","id":116777619,"properties":{"osmId":116777619,"highway":"service"},"geometry":{"type":"LineString","coordinates":[[121.479789,31.2419486],[121.4799177,31.2419853],[121.4802664,31.2420541]]}},{"type":"Feature","id":116777620,"properties":{"osmId":116777620,"highway":"service"},"geometry":{"type":"LineString","coordinates":[[121.47889,31.2354982],[121.4784737,31.235398],[121.4784304,31.2353865],[121.4777419,31.2352033]]}},{"type":"Feature","id":116777621,"properties":{"osmId":116777621,"highway":"service","service":"driveway"},"geometry":{"type":"LineString","coordinates":[[121.478781,31.2404198],[121.4785564,31.2403371]]}},{"type":"Feature","id":116777622,"properties":{"osmId":116777622,"highway":"service"},"geometry":{"type":"LineString","coordinates":[[121.4804434,31.2367291],[121.4806034,31.2367666]]}},{"type":"Feature","id":116777624,"properties":{"osmId":116777624,"highway":"service"},"geometry":{"type":"LineString","coordinates":[[121.4805614,31.2363208],[121.4803682,31.2362707],[121.4800409,31.2361854]]}},{"type":"Feature","id":116777625,"properties":{"osmId":116777625,"highway":"service","service":"driveway"},"geometry":{"type":"LineString","coordinates":[[121.4822331,31.2437188],[121.4825852,31.2437231],[121.4828777,31.2437312]]}},{"type":"Feature","id":116777626,"properties":{"osmId":116777626,"highway":"service"},"geometry":{"type":"LineString","coordinates":[[121.4778535,31.2365631],[121.4773399,31.2363859]]}},{"type":"Feature","id":116777631,"properties":{"osmId":116777631,"highway":"service"},"geometry":{"type":"LineString","coordinates":[[121.474765,31.2353169],[121.4734172,31.2348781]]}},{"type":"Feature","id":116777632,"properties":{"osmId":116777632,"highway":"service"},"geometry":{"type":"LineString","coordinates":[[121.4795583,31.2352475],[121.4790091,31.2351367],[121.4787959,31.2350881],[121.4785561,31.2350325]]}},{"type":"Feature","id":116777634,"properties":{"osmId":116777634,"highway":"service"},"geometry":{"type":"LineString","coordinates":[[121.4805936,31.2373116],[121.4803256,31.237246]]}},{"type":"Feature","id":116777635,"properties":{"osmId":116777635,"highway":"service"},"geometry":{"type":"LineString","coordinates":[[121.4785005,31.236297],[121.4781042,31.2361791]]}},{"type":"Feature","id":116777636,"properties":{"osmId":116777636,"highway":"service"},"geometry":{"type":"LineString","coordinates":[[121.4738991,31.2338348],[121.4733264,31.2336127]]}},{"type":"Feature","id":116777638,"properties":{"osmId":116777638,"highway":"service"},"geometry":{"type":"LineString","coordinates":[[121.4747546,31.2335692],[121.4745989,31.2335074],[121.4743142,31.2333925],[121.4735939,31.2331128]]}},{"type":"Feature","id":116777643,"properties":{"osmId":116777643,"highway":"service"},"geometry":{"type":"LineString","coordinates":[[121.4776729,31.2357056],[121.4775844,31.2359034],[121.4775361,31.2359888],[121.4774205,31.2362208],[121.4773399,31.2363859],[121.4772646,31.2365359]]}},{"type":"Feature","id":116777644,"properties":{"osmId":116777644,"highway":"service"},"geometry":{"type":"LineString","coordinates":[[121.4790091,31.2351367],[121.47889,31.2354982]]}},{"type":"Feature","id":116777646,"properties":{"osmId":116777646,"highway":"service"},"geometry":{"type":"LineString","coordinates":[[121.4737435,31.2339127],[121.4732632,31.2337304]]}},{"type":"Feature","id":116777648,"properties":{"osmId":116777648,"highway":"service"},"geometry":{"type":"LineString","coordinates":[[121.4784095,31.2365317],[121.4779353,31.236384],[121.4774205,31.2362208]]}},{"type":"Feature","id":116777651,"properties":{"osmId":116777651,"highway":"service"},"geometry":{"type":"LineString","coordinates":[[121.4805346,31.2376602],[121.480192,31.2375851]]}},{"type":"Feature","id":116777652,"properties":{"osmId":116777652,"highway":"service","motor_vehicle":"no"},"geometry":{"type":"LineString","coordinates":[[121.481012,31.2367979],[121.4806244,31.2366977]]}},{"type":"Feature","id":116777653,"properties":{"osmId":116777653,"highway":"service"},"geometry":{"type":"LineString","coordinates":[[121.4805922,31.2375105],[121.4802475,31.2374181]]}},{"type":"Feature","id":116777654,"properties":{"osmId":116777654,"highway":"service","motor_vehicle":"no"},"geometry":{"type":"LineString","coordinates":[[121.4805292,31.2370088],[121.4805727,31.2368667],[121.4806034,31.2367666],[121.4806244,31.2366977],[121.4806751,31.2365321]]}},{"type":"Feature","id":116777657,"properties":{"osmId":116777657,"highway":"service"},"geometry":{"type":"LineString","coordinates":[[121.4792525,31.2415267],[121.4780193,31.2413851]]}},{"type":"Feature","id":116777658,"properties":{"osmId":116777658,"highway":"service"},"geometry":{"type":"LineString","coordinates":[[121.4792747,31.2413498],[121.4780834,31.2412149]]}},{"type":"Feature","id":116777660,"properties":{"osmId":116777660,"highway":"service"},"geometry":{"type":"LineString","coordinates":[[121.4799177,31.2419853],[121.4799284,31.2419211],[121.4799937,31.2417317],[121.48007,31.24151],[121.4801474,31.2412853]]}},{"type":"Feature","id":116777661,"properties":{"osmId":116777661,"highway":"service"},"geometry":{"type":"LineString","coordinates":[[121.4809262,31.2361557],[121.4808295,31.2365695]]}},{"type":"Feature","id":116777663,"properties":{"osmId":116777663,"highway":"service","motor_vehicle":"no"},"geometry":{"type":"LineString","coordinates":[[121.4809477,31.2371098],[121.4805292,31.2370088],[121.4804327,31.2369813],[121.4802665,31.2369418]]}},{"type":"Feature","id":116777664,"properties":{"osmId":116777664,"highway":"service"},"geometry":{"type":"LineString","coordinates":[[121.4779353,31.236384],[121.4778535,31.2365631],[121.477819,31.236642],[121.4777878,31.236714],[121.4776937,31.2369236]]}},{"type":"Feature","id":116777667,"properties":{"osmId":116777667,"highway":"service"},"geometry":{"type":"LineString","coordinates":[[121.4744141,31.2338348],[121.4745989,31.2335074]]}},{"type":"Feature","id":116777668,"properties":{"osmId":116777668,"highway":"service"},"geometry":{"type":"LineString","coordinates":[[121.4835233,31.2365528],[121.4845827,31.2367784]]}},{"type":"Feature","id":116777669,"properties":{"osmId":116777669,"highway":"service"},"geometry":{"type":"LineString","coordinates":[[121.4777878,31.236714],[121.4772646,31.2365359],[121.476734,31.2363337]]}},{"type":"Feature","id":116777670,"properties":{"osmId":116777670,"highway":"service"},"geometry":{"type":"LineString","coordinates":[[121.4804756,31.2418431],[121.4799937,31.2417317]]}},{"type":"Feature","id":116777671,"properties":{"osmId":116777671,"highway":"service"},"geometry":{"type":"LineString","coordinates":[[121.4785005,31.236297],[121.4784095,31.2365317],[121.4783024,31.2368026],[121.478178,31.2370943]]}},{"type":"Feature","id":116777673,"properties":{"osmId":116777673,"highway":"service"},"geometry":{"type":"LineString","coordinates":[[121.4831093,31.2360935],[121.4827511,31.2360258],[121.4825292,31.2359831],[121.4824325,31.2359647],[121.4823293,31.2359454],[121.4821271,31.2359077],[121.4819562,31.2358713]]}},{"type":"Feature","id":116777676,"properties":{"osmId":116777676,"highway":"service"},"geometry":{"type":"LineString","coordinates":[[121.4804339,31.2360161],[121.4803682,31.2362707]]}},{"type":"Feature","id":116777677,"properties":{"osmId":116777677,"highway":"service"},"geometry":{"type":"LineString","coordinates":[[121.4846349,31.2392984],[121.483859,31.2391]]}},{"type":"Feature","id":116777678,"properties":{"osmId":116777678,"highway":"service"},"geometry":{"type":"LineString","coordinates":[[121.4742135,31.2335456],[121.4740332,31.2334724],[121.4735136,31.233261]]}},{"type":"Feature","id":116777680,"properties":{"osmId":116777680,"highway":"service"},"geometry":{"type":"LineString","coordinates":[[121.4776808,31.2353588],[121.4784064,31.2355611],[121.4784898,31.2355871]]}},{"type":"Feature","id":116777681,"properties":{"osmId":116777681,"highway":"service","service":"driveway"},"geometry":{"type":"LineString","coordinates":[[121.4786785,31.2405772],[121.4784629,31.2404886]]}},{"type":"Feature","id":116777682,"properties":{"osmId":116777682,"highway":"service"},"geometry":{"type":"LineString","coordinates":[[121.4804339,31.2360161],[121.4806179,31.2360729],[121.4809262,31.2361557]]}},{"type":"Feature","id":116777684,"properties":{"osmId":116777684,"highway":"service"},"geometry":{"type":"LineString","coordinates":[[121.4789808,31.2418763],[121.4789512,31.2419822],[121.4785112,31.2418923],[121.4778665,31.2417717]]}},{"type":"Feature","id":116777686,"properties":{"osmId":116777686,"highway":"service","motor_vehicle":"no"},"geometry":{"type":"LineString","coordinates":[[121.4809852,31.2369538],[121.4805727,31.2368667]]}},{"type":"Feature","id":116777687,"properties":{"osmId":116777687,"highway":"service"},"geometry":{"type":"LineString","coordinates":[[121.4807224,31.2420725],[121.4808569,31.2416739],[121.4809439,31.2414322]]}},{"type":"Feature","id":116777689,"properties":{"osmId":116777689,"highway":"service"},"geometry":{"type":"LineString","coordinates":[[121.4788098,31.2369639],[121.4783024,31.2368026],[121.477819,31.236642]]}},{"type":"Feature","id":116777691,"properties":{"osmId":116777691,"highway":"service"},"geometry":{"type":"LineString","coordinates":[[121.4790755,31.2416918],[121.4779553,31.2415463]]}},{"type":"Feature","id":116777692,"properties":{"osmId":116777692,"highway":"service"},"geometry":{"type":"LineString","coordinates":[[121.4803469,31.2371923],[121.4803256,31.237246],[121.4802475,31.2374181],[121.480192,31.2375851],[121.4801479,31.2377119]]}},{"type":"Feature","id":116777694,"properties":{"osmId":116777694,"highway":"service"},"geometry":{"type":"LineString","coordinates":[[121.4808569,31.2416739],[121.48007,31.24151]]}},{"type":"Feature","id":116777696,"properties":{"osmId":116777696,"highway":"service"},"geometry":{"type":"LineString","coordinates":[[121.484583,31.2402124],[121.4845431,31.2402026],[121.4838075,31.2400212],[121.4836878,31.2399903],[121.4834818,31.2399319]]}},{"type":"Feature","id":116777697,"properties":{"osmId":116777697,"highway":"service","service":"driveway"},"geometry":{"type":"LineString","coordinates":[[121.4787827,31.2407978],[121.4783724,31.2406323]]}},{"type":"Feature","id":116783757,"properties":{"osmId":116783757,"highway":"service"},"geometry":{"type":"LineString","coordinates":[[121.4803623,31.2314527],[121.4801703,31.2313717],[121.4801419,31.2314274],[121.4800888,31.2315349],[121.4800156,31.2316745]]}},{"type":"Feature","id":116783759,"properties":{"osmId":116783759,"highway":"service"},"geometry":{"type":"LineString","coordinates":[[121.4797819,31.2347517],[121.4795938,31.2347226],[121.4791025,31.234633]]}},{"type":"Feature","id":116783760,"properties":{"osmId":116783760,"highway":"service"},"geometry":{"type":"LineString","coordinates":[[121.4782871,31.2255368],[121.4769675,31.2251882],[121.4768826,31.2251725]]}},{"type":"Feature","id":116783761,"properties":{"osmId":116783761,"highway":"service"},"geometry":{"type":"LineString","coordinates":[[121.4781489,31.230669],[121.4774211,31.2302837],[121.4770157,31.2300736],[121.4768174,31.2299737]]}},{"type":"Feature","id":116783763,"properties":{"osmId":116783763,"highway":"service"},"geometry":{"type":"LineString","coordinates":[[121.4805828,31.2317433],[121.4808163,31.2318449]]}},{"type":"Feature","id":116783765,"properties":{"osmId":116783765,"highway":"service"},"geometry":{"type":"LineString","coordinates":[[121.4779545,31.2289406],[121.4783299,31.2291704]]}},{"type":"Feature","id":116783769,"properties":{"osmId":116783769,"highway":"service"},"geometry":{"type":"LineString","coordinates":[[121.4849097,31.2321056],[121.4849519,31.2319482],[121.4850774,31.2315561]]}},{"type":"Feature","id":116783771,"properties":{"osmId":116783771,"highway":"service"},"geometry":{"type":"LineString","coordinates":[[121.4753796,31.23028],[121.4751244,31.23015]]}},{"type":"Feature","id":116783778,"properties":{"osmId":116783778,"highway":"service"},"geometry":{"type":"LineString","coordinates":[[121.4811759,31.2347185],[121.4811407,31.2348715],[121.4810351,31.2352635],[121.4809701,31.2355418],[121.4809348,31.2356569],[121.4808928,31.2357911]]}},{"type":"Feature","id":116783780,"properties":{"osmId":116783780,"highway":"service"},"geometry":{"type":"LineString","coordinates":[[121.4781047,31.2261653],[121.4779589,31.2261202],[121.477662,31.2260284],[121.4773483,31.2259314],[121.477008,31.2258162]]}},{"type":"Feature","id":116783781,"properties":{"osmId":116783781,"highway":"service"},"geometry":{"type":"LineString","coordinates":[[121.4799179,31.2348348],[121.4800114,31.2348501],[121.4801429,31.2348715]]}},{"type":"Feature","id":116783786,"properties":{"osmId":116783786,"highway":"service"},"geometry":{"type":"LineString","coordinates":[[121.4765168,31.229491],[121.4770018,31.2297482]]}},{"type":"Feature","id":116783787,"properties":{"osmId":116783787,"highway":"service"},"geometry":{"type":"LineString","coordinates":[[121.4790059,31.2349357],[121.4795316,31.2350321],[121.4799364,31.2351194],[121.4802318,31.2351817]]}},{"type":"Feature","id":116783793,"properties":{"osmId":116783793,"highway":"service"},"geometry":{"type":"LineString","coordinates":[[121.4775553,31.2262844],[121.4776005,31.2261653],[121.477662,31.2260284]]}},{"type":"Feature","id":116783795,"properties":{"osmId":116783795,"highway":"service"},"geometry":{"type":"LineString","coordinates":[[121.4762114,31.2299129],[121.4766766,31.2301484]]}},{"type":"Feature","id":116783796,"properties":{"osmId":116783796,"highway":"service"},"geometry":{"type":"LineString","coordinates":[[121.4812212,31.2357293],[121.4809348,31.2356569],[121.4805828,31.235555],[121.4803039,31.2354953]]}},{"type":"Feature","id":116783797,"properties":{"osmId":116783797,"highway":"service"},"geometry":{"type":"LineString","coordinates":[[121.4754795,31.2301391],[121.4752238,31.2300148]]}},{"type":"Feature","id":116783801,"properties":{"osmId":116783801,"highway":"service"},"geometry":{"type":"LineString","coordinates":[[121.4807545,31.2322019],[121.4806386,31.2321627],[121.4802153,31.2320191]]}},{"type":"Feature","id":116783803,"properties":{"osmId":116783803,"highway":"service"},"geometry":{"type":"LineString","coordinates":[[121.4841963,31.2322411],[121.4838992,31.2321544]]}},{"type":"Feature","id":116783804,"properties":{"osmId":116783804,"highway":"service"},"geometry":{"type":"LineString","coordinates":[[121.4842599,31.2320855],[121.4839469,31.2319967]]}},{"type":"Feature","id":116783809,"properties":{"osmId":116783809,"highway":"service"},"geometry":{"type":"LineString","coordinates":[[121.4765657,31.2269387],[121.476627,31.2267948],[121.4766782,31.2266626],[121.4767343,31.2265186],[121.4767977,31.2263557],[121.4768476,31.2262277],[121.4769109,31.2260653],[121.477008,31.2258162],[121.4770635,31.2256688]]}},{"type":"Feature","id":116783811,"properties":{"osmId":116783811,"highway":"service"},"geometry":{"type":"LineString","coordinates":[[121.4850783,31.2326744],[121.4849225,31.2326275]]}},{"type":"Feature","id":116783812,"properties":{"osmId":116783812,"highway":"service"},"geometry":{"type":"LineString","coordinates":[[121.4783174,31.2298572],[121.4779296,31.2296598]]}},{"type":"Feature","id":116783813,"properties":{"osmId":116783813,"highway":"service"},"geometry":{"type":"LineString","coordinates":[[121.4818542,31.2362705],[121.4821918,31.236335],[121.4822276,31.2363288],[121.4823418,31.2363091],[121.4824159,31.2363252],[121.482637,31.2363735],[121.4826696,31.2363806],[121.483003,31.2364542]]}},{"type":"Feature","id":116783814,"properties":{"osmId":116783814,"highway":"residential","name":"元芳弄","name:en":"Yuanfang Lane","name:zh":"元芳弄","name:zh-Hans":"元芳弄","name:zh-Hant":"元芳弄"},"geometry":{"type":"LineString","coordinates":[[121.4863079,31.2370036],[121.4862051,31.2369627],[121.4858427,31.2368146],[121.4856606,31.2367492],[121.4854707,31.2366931],[121.4850983,31.2366077],[121.4846742,31.2365063]]}},{"type":"Feature","id":116783815,"properties":{"osmId":116783815,"highway":"service"},"geometry":{"type":"LineString","coordinates":[[121.4787323,31.2293075],[121.4783861,31.2291038]]}},{"type":"Feature","id":116783821,"properties":{"osmId":116783821,"highway":"service"},"geometry":{"type":"LineString","coordinates":[[121.4771552,31.2287158],[121.4776284,31.2289667]]}},{"type":"Feature","id":116783829,"properties":{"osmId":116783829,"highway":"service","motor_vehicle":"no"},"geometry":{"type":"LineString","coordinates":[[121.4802408,31.2370155],[121.4802665,31.2369418],[121.4802985,31.2366558]]}},{"type":"Feature","id":116783830,"properties":{"osmId":116783830,"highway":"service"},"geometry":{"type":"LineString","coordinates":[[121.4795938,31.2347226],[121.4795641,31.2348637],[121.4795316,31.2350321]]}},{"type":"Feature","id":116783833,"properties":{"osmId":116783833,"highway":"service"},"geometry":{"type":"LineString","coordinates":[[121.4802416,31.2351501],[121.4806352,31.2352147],[121.48091,31.2352614],[121.4810351,31.2352635],[121.4812558,31.2353047]]}},{"type":"Feature","id":116783835,"properties":{"osmId":116783835,"highway":"service"},"geometry":{"type":"LineString","coordinates":[[121.4774929,31.231642],[121.4766692,31.2312267]]}},{"type":"Feature","id":116783837,"properties":{"osmId":116783837,"highway":"service"},"geometry":{"type":"LineString","coordinates":[[121.4781026,31.2346818],[121.4785292,31.2347639],[121.4784769,31.235013]]}},{"type":"Feature","id":116783838,"properties":{"osmId":116783838,"highway":"service"},"geometry":{"type":"LineString","coordinates":[[121.4789158,31.2300467],[121.4795258,31.2303645]]}},{"type":"Feature","id":116783842,"properties":{"osmId":116783842,"highway":"service"},"geometry":{"type":"LineString","coordinates":[[121.4802373,31.231589],[121.4800888,31.2315349],[121.4798546,31.2314443]]}},{"type":"Feature","id":116783843,"properties":{"osmId":116783843,"highway":"service"},"geometry":{"type":"LineString","coordinates":[[121.4850214,31.2323869],[121.4849225,31.2326275],[121.4848945,31.2326955],[121.4848233,31.2328686]]}},{"type":"Feature","id":116783844,"properties":{"osmId":116783844,"highway":"service"},"geometry":{"type":"LineString","coordinates":[[121.4777507,31.2292341],[121.4781171,31.2294249]]}},{"type":"Feature","id":116783845,"properties":{"osmId":116783845,"highway":"service"},"geometry":{"type":"LineString","coordinates":[[121.4799262,31.2313305],[121.4801419,31.2314274]]}},{"type":"Feature","id":116783846,"properties":{"osmId":116783846,"highway":"service"},"geometry":{"type":"LineString","coordinates":[[121.4846134,31.2326073],[121.4848945,31.2326955]]}},{"type":"Feature","id":116783847,"properties":{"osmId":116783847,"highway":"residential","name":"高墩街","name:en":"Gaodun Street"},"geometry":{"type":"LineString","coordinates":[[121.4817558,31.2289312],[121.4812534,31.2287984],[121.4809324,31.2287088],[121.4803786,31.228591]]}},{"type":"Feature","id":116783848,"properties":{"osmId":116783848,"highway":"service"},"geometry":{"type":"LineString","coordinates":[[121.4763201,31.2297709],[121.4767838,31.2300145]]}},{"type":"Feature","id":116783851,"properties":{"osmId":116783851,"highway":"service"},"geometry":{"type":"LineString","coordinates":[[121.4785286,31.2257853],[121.4769835,31.2253396],[121.4768533,31.2253049]]}},{"type":"Feature","id":116783852,"properties":{"osmId":116783852,"highway":"service"},"geometry":{"type":"LineString","coordinates":[[121.4772732,31.2261515],[121.4773014,31.2260747],[121.4773483,31.2259314]]}},{"type":"Feature","id":116783855,"properties":{"osmId":116783855,"highway":"service"},"geometry":{"type":"LineString","coordinates":[[121.4770694,31.2267892],[121.4766782,31.2266626]]}},{"type":"Feature","id":116783858,"properties":{"osmId":116783858,"highway":"service"},"geometry":{"type":"LineString","coordinates":[[121.4810342,31.2320203],[121.4809261,31.2319634],[121.4807768,31.2319156]]}},{"type":"Feature","id":116783859,"properties":{"osmId":116783859,"highway":"service"},"geometry":{"type":"LineString","coordinates":[[121.4761187,31.2300513],[121.4765693,31.2302805]]}},{"type":"Feature","id":116783863,"properties":{"osmId":116783863,"highway":"service"},"geometry":{"type":"LineString","coordinates":[[121.4790384,31.2347601],[121.4795641,31.2348637]]}},{"type":"Feature","id":116783864,"properties":{"osmId":116783864,"highway":"service"},"geometry":{"type":"LineString","coordinates":[[121.4785339,31.229624],[121.4783139,31.2295094],[121.4782128,31.2296273]]}},{"type":"Feature","id":116783865,"properties":{"osmId":116783865,"highway":"service"},"geometry":{"type":"LineString","coordinates":[[121.4786303,31.2254754],[121.4774969,31.2251991],[121.4770104,31.2250781],[121.4768901,31.225051]]}},{"type":"Feature","id":116783866,"properties":{"osmId":116783866,"highway":"service"},"geometry":{"type":"LineString","coordinates":[[121.4787691,31.234578],[121.4782317,31.2344951],[121.4779631,31.2344518],[121.4779088,31.2344438]]}},{"type":"Feature","id":116783868,"properties":{"osmId":116783868,"highway":"service"},"geometry":{"type":"LineString","coordinates":[[121.4841307,31.2324209],[121.4838493,31.2323254],[121.4836263,31.2322571],[121.4836053,31.2322073],[121.4830633,31.2320267]]}},{"type":"Feature","id":116783869,"properties":{"osmId":116783869,"highway":"service"},"geometry":{"type":"LineString","coordinates":[[121.4787976,31.2301356],[121.4794538,31.2304839],[121.4800988,31.2308053]]}},{"type":"Feature","id":116783870,"properties":{"osmId":116783870,"highway":"service"},"geometry":{"type":"LineString","coordinates":[[121.4806311,31.2316011],[121.4808886,31.2317157]]}},{"type":"Feature","id":116783871,"properties":{"osmId":116783871,"highway":"service"},"geometry":{"type":"LineString","coordinates":[[121.4774174,31.2292409],[121.4767499,31.2288927]]}},{"type":"Feature","id":116783872,"properties":{"osmId":116783872,"highway":"service"},"geometry":{"type":"LineString","coordinates":[[121.4777453,31.2265644],[121.4772142,31.2263304],[121.4768476,31.2262277]]}},{"type":"Feature","id":116783873,"properties":{"osmId":116783873,"highway":"service"},"geometry":{"type":"LineString","coordinates":[[121.4808886,31.2317157],[121.4808163,31.2318449],[121.4807768,31.2319156],[121.4806386,31.2321627]]}},{"type":"Feature","id":116783874,"properties":{"osmId":116783874,"highway":"service"},"geometry":{"type":"LineString","coordinates":[[121.4786296,31.2294314],[121.4782764,31.2292347]]}},{"type":"Feature","id":116783875,"properties":{"osmId":116783875,"highway":"service"},"geometry":{"type":"LineString","coordinates":[[121.4779087,31.2348678],[121.4784769,31.235013],[121.4785561,31.2350325]]}},{"type":"Feature","id":116783876,"properties":{"osmId":116783876,"highway":"service"},"geometry":{"type":"LineString","coordinates":[[121.4839946,31.2318488],[121.484468,31.231973]]}},{"type":"Feature","id":116783877,"properties":{"osmId":116783877,"highway":"service"},"geometry":{"type":"LineString","coordinates":[[121.4807241,31.2348257],[121.4806352,31.2352147]]}},{"type":"Feature","id":116783878,"properties":{"osmId":116783878,"highway":"service"},"geometry":{"type":"LineString","coordinates":[[121.4785553,31.2298167],[121.4791374,31.2289317]]}},{"type":"Feature","id":116783880,"properties":{"osmId":116783880,"highway":"service"},"geometry":{"type":"LineString","coordinates":[[121.4773805,31.2284451],[121.4778459,31.2287113]]}},{"type":"Feature","id":116783881,"properties":{"osmId":116783881,"highway":"service"},"geometry":{"type":"LineString","coordinates":[[121.4847337,31.2318967],[121.4849519,31.2319482]]}},{"type":"Feature","id":116783885,"properties":{"osmId":116783885,"highway":"service"},"geometry":{"type":"LineString","coordinates":[[121.4801693,31.231733],[121.4800156,31.2316745],[121.4797894,31.2315772],[121.479772,31.2315663],[121.4797296,31.2315399],[121.4796563,31.2315051],[121.4796335,31.2314951]]}},{"type":"Feature","id":116783886,"properties":{"osmId":116783886,"highway":"service"},"geometry":{"type":"LineString","coordinates":[[121.4778579,31.2290873],[121.4782258,31.2292929]]}},{"type":"Feature","id":116783889,"properties":{"osmId":116783889,"highway":"service"},"geometry":{"type":"LineString","coordinates":[[121.4770157,31.2288259],[121.4775328,31.2290896]]}},{"type":"Feature","id":116783892,"properties":{"osmId":116783892,"highway":"service"},"geometry":{"type":"LineString","coordinates":[[121.4801703,31.2313717],[121.4801863,31.2312924],[121.4800052,31.2312075],[121.4799262,31.2313305],[121.4798546,31.2314443],[121.479772,31.2315663],[121.4796872,31.2316985],[121.4796182,31.2318015],[121.4800333,31.2319749],[121.4800962,31.2318665],[121.4801693,31.231733]]}},{"type":"Feature","id":116783894,"properties":{"osmId":116783894,"highway":"service"},"geometry":{"type":"LineString","coordinates":[[121.4769996,31.2269084],[121.476627,31.2267948]]}},{"type":"Feature","id":116783895,"properties":{"osmId":116783895,"highway":"service"},"geometry":{"type":"LineString","coordinates":[[121.4801036,31.2355913],[121.4808928,31.2357911],[121.4813841,31.2359131]]}},{"type":"Feature","id":116783896,"properties":{"osmId":116783896,"highway":"service"},"geometry":{"type":"LineString","coordinates":[[121.4771606,31.2264956],[121.4767977,31.2263557]]}},{"type":"Feature","id":116783897,"properties":{"osmId":116783897,"highway":"service"},"geometry":{"type":"LineString","coordinates":[[121.4778452,31.2264209],[121.4778901,31.2263259],[121.4779589,31.2261202]]}},{"type":"Feature","id":116783904,"properties":{"osmId":116783904,"highway":"service"},"geometry":{"type":"LineString","coordinates":[[121.4799364,31.2351194],[121.4799766,31.2349954],[121.4800114,31.2348501]]}},{"type":"Feature","id":116783905,"properties":{"osmId":116783905,"highway":"service"},"geometry":{"type":"LineString","coordinates":[[121.4750568,31.2302425],[121.4751244,31.23015],[121.4752238,31.2300148],[121.4753237,31.2298759]]}},{"type":"Feature","id":116783906,"properties":{"osmId":116783906,"access":"private","highway":"service"},"geometry":{"type":"LineString","coordinates":[[121.4830463,31.2383476],[121.4831193,31.2381061],[121.4834103,31.2371175]]}},{"type":"Feature","id":116783908,"properties":{"osmId":116783908,"highway":"service"},"geometry":{"type":"LineString","coordinates":[[121.4839946,31.2318488],[121.4839469,31.2319967],[121.4838992,31.2321544],[121.4838493,31.2323254]]}},{"type":"Feature","id":116783909,"properties":{"osmId":116783909,"highway":"service"},"geometry":{"type":"LineString","coordinates":[[121.4774969,31.2251991],[121.4775399,31.2250009],[121.4775729,31.2248565],[121.4775981,31.2247377],[121.4776267,31.2245721],[121.477664,31.224428],[121.4776991,31.2242935],[121.4777348,31.2241566],[121.4777711,31.2240172],[121.4778043,31.22389]]}},{"type":"Feature","id":116783912,"properties":{"osmId":116783912,"highway":"service"},"geometry":{"type":"LineString","coordinates":[[121.476432,31.2296339],[121.4768946,31.2298793]]}},{"type":"Feature","id":116783916,"properties":{"osmId":116783916,"highway":"service"},"geometry":{"type":"LineString","coordinates":[[121.4784427,31.2297479],[121.4782128,31.2296273],[121.4780295,31.2295302]]}},{"type":"Feature","id":116783921,"properties":{"osmId":116783921,"highway":"service"},"geometry":{"type":"LineString","coordinates":[[121.4805828,31.2309084],[121.4803897,31.2307846],[121.4805375,31.2305474],[121.4804031,31.2304912],[121.4803251,31.2304717]]}},{"type":"Feature","id":116783923,"properties":{"osmId":116783923,"highway":"service"},"geometry":{"type":"LineString","coordinates":[[121.4796872,31.2316985],[121.4800962,31.2318665]]}},{"type":"Feature","id":116783924,"properties":{"osmId":116783924,"highway":"service"},"geometry":{"type":"LineString","coordinates":[[121.4778161,31.2350494],[121.4784846,31.235231]]}},{"type":"Feature","id":116783927,"properties":{"osmId":116783927,"highway":"service"},"geometry":{"type":"LineString","coordinates":[[121.4820329,31.2355677],[121.4819562,31.2358713],[121.4818542,31.2362705]]}},{"type":"Feature","id":116783928,"properties":{"osmId":116783928,"highway":"service"},"geometry":{"type":"LineString","coordinates":[[121.4772679,31.2285873],[121.4777341,31.2288473]]}},{"type":"Feature","id":116783932,"properties":{"osmId":116783932,"highway":"service"},"geometry":{"type":"LineString","coordinates":[[121.4811783,31.2355871],[121.481189,31.2355412],[121.4812558,31.2353047],[121.4814138,31.2347454]]}},{"type":"Feature","id":116783933,"properties":{"osmId":116783933,"highway":"service"},"geometry":{"type":"LineString","coordinates":[[121.4809701,31.2355418],[121.4811783,31.2355871],[121.4813606,31.2356146],[121.4814649,31.2356356]]}},{"type":"Feature","id":116783935,"properties":{"osmId":116783935,"highway":"service"},"geometry":{"type":"LineString","coordinates":[[121.4779545,31.2250873],[121.4775399,31.2250009],[121.4769113,31.224862]]}},{"type":"Feature","id":116783938,"properties":{"osmId":116783938,"highway":"service"},"geometry":{"type":"LineString","coordinates":[[121.4781361,31.2288704],[121.4784327,31.2290449]]}},{"type":"Feature","id":116783940,"properties":{"osmId":116783940,"highway":"service"},"geometry":{"type":"LineString","coordinates":[[121.47805,31.2265173],[121.4778452,31.2264209],[121.4775553,31.2262844],[121.4772732,31.2261515],[121.4769109,31.2260653]]}},{"type":"Feature","id":116830434,"properties":{"osmId":116830434,"highway":"service"},"geometry":{"type":"LineString","coordinates":[[121.4827447,31.2247248],[121.4826615,31.2249101],[121.4826097,31.2250254]]}},{"type":"Feature","id":116831467,"properties":{"osmId":116831467,"highway":"residential","name:en":"Liuqiang Lane"},"geometry":{"type":"LineString","coordinates":[[121.4797409,31.2287109],[121.4791593,31.2279348]]}},{"type":"Feature","id":116837589,"properties":{"osmId":116837589,"highway":"service","name:en":"Huaizhen Street","note":"destroyed lane"},"geometry":{"type":"LineString","coordinates":[[121.4799748,31.2268509],[121.4805121,31.2256807]]}},{"type":"Feature","id":116837673,"properties":{"osmId":116837673,"highway":"service"},"geometry":{"type":"LineString","coordinates":[[121.4829216,31.2251007],[121.4832389,31.2251926]]}},{"type":"Feature","id":116884265,"properties":{"osmId":116884265,"highway":"service"},"geometry":{"type":"LineString","coordinates":[[121.486091,31.2305928],[121.4853904,31.2306017],[121.4850557,31.2306059],[121.4843383,31.2306148],[121.4843378,31.2306081],[121.4842811,31.2299039]]}},{"type":"Feature","id":116884274,"properties":{"osmId":116884274,"highway":"service"},"geometry":{"type":"LineString","coordinates":[[121.4859298,31.2286295],[121.4856717,31.2285972],[121.485589,31.2285866],[121.4854771,31.2285728],[121.4853909,31.2285617],[121.4853067,31.2285514],[121.485224,31.228541],[121.4852081,31.2286338],[121.4849322,31.2285992]]}},{"type":"Feature","id":116884278,"properties":{"osmId":116884278,"highway":"service"},"geometry":{"type":"LineString","coordinates":[[121.4858296,31.2284222],[121.4853039,31.2283488],[121.4849952,31.2283198]]}},{"type":"Feature","id":116884294,"properties":{"osmId":116884294,"highway":"service"},"geometry":{"type":"LineString","coordinates":[[121.4840539,31.2291974],[121.4843651,31.2292524],[121.484467,31.2293121],[121.4847876,31.2293631]]}},{"type":"Feature","id":116884302,"properties":{"osmId":116884302,"highway":"service"},"geometry":{"type":"LineString","coordinates":[[121.484231,31.2270598],[121.4838378,31.226966]]}},{"type":"Feature","id":131671623,"properties":{"osmId":131671623,"bicycle":"no","highway":"secondary","lanes":"2","lit":"yes","name":"南京西路","name:en":"West Nanjing Road","name:zh":"南京西路","name:zh-Hans":"南京西路","name:zh-Hant":"南京西路","oneway":"yes","source":"interpolation","trolley_wire":"yes","wikidata":"Q10906894","wikipedia":"zh:南京西路 (上海市)"},"geometry":{"type":"LineString","coordinates":[[121.4673329,31.2352293],[121.4671855,31.2351642],[121.4670854,31.2350762],[121.4668798,31.2348589],[121.4667008,31.2346466],[121.4666291,31.2345437],[121.4665663,31.2344342],[121.4664891,31.2342791],[121.4663655,31.234001],[121.4662351,31.2336511],[121.4662196,31.233615],[121.4661245,31.2334151],[121.4660829,31.2333515],[121.4660446,31.233306],[121.4659586,31.2332302],[121.4659034,31.2331854],[121.4658328,31.2331334],[121.4656952,31.2330554]]}},{"type":"Feature","id":142741729,"properties":{"osmId":142741729,"highway":"residential","name":"桃源路","name:en":"Taoyuan Road"},"geometry":{"type":"LineString","coordinates":[[121.4760641,31.2267424],[121.4754116,31.2264822],[121.4733203,31.2257312]]}},{"type":"Feature","id":142741764,"properties":{"osmId":142741764,"highway":"service"},"geometry":{"type":"LineString","coordinates":[[121.4771014,31.2266331],[121.4767343,31.2265186]]}},{"type":"Feature","id":143546557,"properties":{"osmId":143546557,"highway":"residential","name":"柳林路","name:en":"Liulin Road","name:zh":"柳林路","name:zh-Hans":"柳林路","name:zh-Hant":"柳林路","surface":"asphalt"},"geometry":{"type":"LineString","coordinates":[[121.4751041,31.2272745],[121.4750707,31.2273654],[121.4747362,31.2283317]]}},{"type":"Feature","id":144965238,"properties":{"osmId":144965238,"highway":"residential","lanes":"1","name":"香港路","name:en":"Xianggang Road","oneway":"yes","surface":"asphalt"},"geometry":{"type":"LineString","coordinates":[[121.482891,31.2447835],[121.4822576,31.2447105],[121.4816304,31.2446302],[121.4814754,31.2446077],[121.4813642,31.2445843],[121.4811692,31.2445335],[121.4804233,31.2442204]]}},{"type":"Feature","id":144965242,"properties":{"osmId":144965242,"highway":"service","service":"driveway"},"geometry":{"type":"LineString","coordinates":[[121.4825921,31.2435271],[121.4822796,31.2435271]]}},{"type":"Feature","id":147711065,"properties":{"osmId":147711065,"cycleway":"lane","highway":"tertiary","lanes":"2","name":"黄陂南路","name:en":"South Huangpi Road","name:zh":"黄陂南路","name:zh-Hans":"黄陂南路","name:zh-Hant":"黃陂南路","trolley_wire":"yes"},"geometry":{"type":"LineString","coordinates":[[121.4687088,31.22775],[121.4687142,31.2275401],[121.4690368,31.2268973],[121.469318,31.2263294],[121.4693367,31.2262917],[121.4693806,31.226203]]}},{"type":"Feature","id":150369338,"properties":{"osmId":150369338,"highway":"residential","lanes":"2","name":"福建中路","name:en":"Middle Fujian Road","oneway":"yes"},"geometry":{"type":"LineString","coordinates":[[121.4746474,31.2411032],[121.474524,31.2415013],[121.4744993,31.2415921],[121.4744884,31.2416517],[121.4744876,31.2417093],[121.4744965,31.2417572],[121.4745194,31.2418153],[121.4745555,31.2418878]]}},{"type":"Feature","id":150369340,"properties":{"osmId":150369340,"highway":"tertiary","name":"福建北路","name:en":"North Fujian Road"},"geometry":{"type":"LineString","coordinates":[[121.4742564,31.2440932],[121.4740219,31.2452729],[121.4740083,31.2453413]]}},{"type":"Feature","id":150369341,"properties":{"osmId":150369341,"highway":"residential","name":"福建北路","name:en":"North Fujian Road","oneway":"yes"},"geometry":{"type":"LineString","coordinates":[[121.4742564,31.2440932],[121.47421,31.2439843],[121.4742184,31.2438413],[121.4742527,31.2436838],[121.4742701,31.2436041],[121.474299,31.2434049],[121.4743093,31.2433006],[121.4743042,31.2429221],[121.474296,31.2428646],[121.4742385,31.2427154]]}},{"type":"Feature","id":150928463,"properties":{"osmId":150928463,"bicycle":"yes","highway":"residential","name":"浙江中路","name:en":"Middle Zhejiang Road","name:zh":"浙江中路","name:zh-Hans":"浙江中路","name:zh-Hant":"浙江中路"},"geometry":{"type":"LineString","coordinates":[[121.4739303,31.2374602],[121.4739852,31.2373901],[121.4740095,31.2373543],[121.4740343,31.2372922],[121.474286,31.2365514]]}},{"type":"Feature","id":150928465,"properties":{"osmId":150928465,"highway":"tertiary","name":"浙江中路","name:en":"Middle Zhejiang Road","oneway":"yes","surface":"asphalt"},"geometry":{"type":"LineString","coordinates":[[121.4764711,31.2329898],[121.4767734,31.2326081],[121.4769212,31.2324254]]}},{"type":"Feature","id":150943904,"properties":{"osmId":150943904,"cycleway":"lane","highway":"secondary","lanes":"1","name":"四川中路","name:en":"Middle Sichuan Road","surface":"asphalt"},"geometry":{"type":"LineString","coordinates":[[121.4822695,31.2426688],[121.4822409,31.2427767],[121.4820974,31.2432072],[121.4820774,31.2432629],[121.4818247,31.244041],[121.4817998,31.2441222],[121.4816304,31.2446302],[121.4814408,31.2452235],[121.4814071,31.2453432]]}},{"type":"Feature","id":160077494,"properties":{"osmId":160077494,"bridge":"yes","highway":"trunk_link","lanes":"1","layer":"2","oneway":"yes"},"geometry":{"type":"LineString","coordinates":[[121.4658395,31.2254065],[121.465804,31.2255171],[121.4657155,31.2256227],[121.4656444,31.2257282],[121.4656149,31.2257844]]}},{"type":"Feature","id":160078084,"properties":{"osmId":160078084,"bridge":"yes","highway":"trunk_link","lanes":"3","layer":"2","oneway":"yes"},"geometry":{"type":"LineString","coordinates":[[121.4662613,31.2267397],[121.4675817,31.227283],[121.4682693,31.2275817]]}},{"type":"Feature","id":160896555,"properties":{"osmId":160896555,"bicycle":"no","highway":"tertiary","lanes":"2","lit":"yes","name":"南京西路","name:en":"West Nanjing Road","name:zh":"南京西路","name:zh-Hans":"南京西路","name:zh-Hant":"南京西路","source":"interpolation","wikidata":"Q10906894","wikipedia":"zh:南京西路 (上海市)"},"geometry":{"type":"LineString","coordinates":[[121.4689107,31.2362683],[121.4684962,31.236114],[121.4683172,31.2360318],[121.4680074,31.2358116],[121.4674146,31.2352993],[121.4673329,31.2352293]]}},{"type":"Feature","id":161090908,"properties":{"osmId":161090908,"highway":"service"},"geometry":{"type":"LineString","coordinates":[[121.4703096,31.2300182],[121.4703749,31.2298614],[121.4703963,31.2297972],[121.4704178,31.2297031],[121.4704285,31.229655],[121.4704643,31.2294781]]}},{"type":"Feature","id":175300784,"properties":{"osmId":175300784,"bridge":"yes","bridge:structure":"truss","cycleway":"opposite_lane","highway":"tertiary","layer":"1","name":"浙江路桥","name:en":"Zhejiang Road Bridge","oneway":"yes","trolley_wire":"yes"},"geometry":{"type":"LineString","coordinates":[[121.472039,31.2436241],[121.472005,31.243067]]}},{"type":"Feature","id":175460946,"properties":{"osmId":175460946,"highway":"residential","name":"南天潼路","name:en":"Nantiantong Road"},"geometry":{"type":"LineString","coordinates":[[121.4781797,31.244898],[121.4785822,31.2450813],[121.478629,31.245116],[121.4787469,31.2452412],[121.4787692,31.2452846],[121.4787753,31.2453263],[121.4787611,31.2453663],[121.4786452,31.2455053],[121.4786371,31.2455366],[121.4786412,31.2455748],[121.4786635,31.2456131],[121.4787044,31.2456539],[121.4789992,31.2458575],[121.4790509,31.245901],[121.4790848,31.2459391],[121.4791123,31.245982],[121.4791367,31.246043]]}},{"type":"Feature","id":177592889,"properties":{"osmId":177592889,"highway":"residential","lanes":"1","name":"虎丘路","name:en":"Huqiu Road","oneway":"yes"},"geometry":{"type":"LineString","coordinates":[[121.4830111,31.2455655],[121.4829925,31.245545],[121.4829743,31.2455157],[121.4829462,31.2454722],[121.4829134,31.2453716],[121.4828982,31.2452786],[121.4828921,31.2451021],[121.482891,31.2447835],[121.4828828,31.2440979],[121.4828777,31.2437312],[121.4828741,31.2435189],[121.4828755,31.2426993]]}},{"type":"Feature","id":177929639,"properties":{"osmId":177929639,"highway":"service","surface":"sett"},"geometry":{"type":"LineString","coordinates":[[121.4837558,31.2441236],[121.4836599,31.2440945]]}},{"type":"Feature","id":177929640,"properties":{"osmId":177929640,"access":"private","highway":"service"},"geometry":{"type":"LineString","coordinates":[[121.4841341,31.243994],[121.4844915,31.2440968],[121.4846069,31.2441174],[121.4846632,31.2441151],[121.4846981,31.2441082],[121.4847329,31.2440922],[121.4847893,31.2440555],[121.4848214,31.2440303],[121.4848357,31.2440052],[121.4848322,31.2439729],[121.4848268,31.2439202],[121.4848134,31.2438789],[121.4847946,31.2438606],[121.4847517,31.2438331],[121.4843384,31.2437402],[121.4842861,31.2437299],[121.4842673,31.2437346],[121.4842521,31.2437468],[121.4842448,31.2437666],[121.4842287,31.2438078],[121.4841341,31.243994],[121.4841005,31.24401],[121.4840704,31.2440303],[121.4840436,31.2440532],[121.4840195,31.2440899],[121.4839926,31.2441403],[121.4839765,31.2441656],[121.4839524,31.2441793],[121.4839149,31.244177],[121.4837558,31.2441236]]}},{"type":"Feature","id":177929641,"properties":{"osmId":177929641,"access":"private","highway":"service"},"geometry":{"type":"LineString","coordinates":[[121.4850411,31.2440454],[121.4848357,31.2440052]]}},{"type":"Feature","id":177930856,"properties":{"osmId":177930856,"access":"permissive","highway":"service","oneway":"yes"},"geometry":{"type":"LineString","coordinates":[[121.484699,31.2432495],[121.484534,31.2432493],[121.4845125,31.243247],[121.4844991,31.2432378],[121.4844911,31.2432264],[121.4844964,31.2429833],[121.4845018,31.2429512],[121.4845099,31.2429282],[121.4845233,31.2429053],[121.4845394,31.2428892],[121.4845742,31.2428663],[121.4845886,31.2428539],[121.4846037,31.2428365]]}},{"type":"Feature","id":177930857,"properties":{"osmId":177930857,"access":"permissive","highway":"service"},"geometry":{"type":"LineString","coordinates":[[121.4845983,31.2426856],[121.4846037,31.2428365]]}},{"type":"Feature","id":177930860,"properties":{"osmId":177930860,"access":"permissive","highway":"service","oneway":"yes"},"geometry":{"type":"LineString","coordinates":[[121.4846037,31.2428365],[121.4846145,31.2428549],[121.4846547,31.242887],[121.4846842,31.2429191],[121.4846922,31.2429443],[121.4847003,31.2429924],[121.484699,31.2432495]]}},{"type":"Feature","id":177930862,"properties":{"osmId":177930862,"access":"permissive","highway":"service"},"geometry":{"type":"LineString","coordinates":[[121.4850061,31.2432516],[121.484699,31.2432495]]}},{"type":"Feature","id":177993358,"properties":{"osmId":177993358,"access":"private","highway":"service"},"geometry":{"type":"LineString","coordinates":[[121.4837,31.2422824],[121.4839276,31.2422468],[121.4841047,31.2422215],[121.4841349,31.2422176],[121.4841744,31.2422124],[121.4842441,31.2422078],[121.484695,31.2421956],[121.4848396,31.2421849],[121.4849603,31.2421734]]}},{"type":"Feature","id":178405873,"properties":{"osmId":178405873,"access":"private","highway":"service"},"geometry":{"type":"LineString","coordinates":[[121.4849555,31.2397021],[121.4850586,31.2393584]]}},{"type":"Feature","id":178408809,"properties":{"osmId":178408809,"access":"private","highway":"service"},"geometry":{"type":"LineString","coordinates":[[121.4841349,31.2422176],[121.4841315,31.2421755],[121.4841313,31.2421463],[121.4841395,31.2421321],[121.4841609,31.2421211],[121.4841985,31.2421114],[121.4845846,31.2420867],[121.4846062,31.2420816],[121.4846223,31.2420701],[121.4846277,31.2420541],[121.48459,31.2418413],[121.4845848,31.2418248],[121.484574,31.2418133],[121.4845553,31.2418041],[121.4845284,31.2418018],[121.4840886,31.2418546]]}},{"type":"Feature","id":178433186,"properties":{"osmId":178433186,"highway":"service"},"geometry":{"type":"LineString","coordinates":[[121.4784534,31.242099],[121.4785112,31.2418923]]}},{"type":"Feature","id":178436075,"properties":{"osmId":178436075,"highway":"service","name":"石潭弄","name:en":"Shitan Alley","name:zh":"石潭弄","name:zh-Hans":"石潭弄","name:zh-Hant":"石潭弄"},"geometry":{"type":"LineString","coordinates":[[121.4753894,31.2401232],[121.4755425,31.2396692],[121.4757434,31.2391305],[121.4757886,31.2390244],[121.4758064,31.2389872],[121.4759328,31.2386896],[121.4759897,31.2385501],[121.4761209,31.2382311],[121.4761809,31.2381245],[121.4762446,31.2380585],[121.4763042,31.2379849]]}},{"type":"Feature","id":178436078,"properties":{"osmId":178436078,"bicycle":"no","highway":"residential","name":"新菜场路","name:en":"Xincaichang Road","oneway":"yes"},"geometry":{"type":"LineString","coordinates":[[121.4750639,31.2418239],[121.4750683,31.2417341],[121.4750737,31.2416902],[121.4750845,31.2416476],[121.4752234,31.2412494]]}},{"type":"Feature","id":178441746,"properties":{"osmId":178441746,"highway":"residential","name":"北海路","name:en":"Beihai Road","oneway":"yes"},"geometry":{"type":"LineString","coordinates":[[121.4782429,31.2338411],[121.4781109,31.233798],[121.4777734,31.2336798],[121.4775355,31.2335772],[121.4771688,31.2333754]]}},{"type":"Feature","id":178441747,"properties":{"osmId":178441747,"cycleway":"opposite_lane","highway":"tertiary","lanes":"1","name":"广东路","name:en":"Guangdong Road","name:zh":"广东路","name:zh-Hans":"广东路","name:zh-Hant":"廣東路","oneway":"yes","surface":"asphalt"},"geometry":{"type":"LineString","coordinates":[[121.4779807,31.2343133],[121.478118,31.2342962],[121.4782444,31.2342959],[121.4789816,31.2344201],[121.479056,31.23443],[121.4803665,31.2346186],[121.4811759,31.2347185],[121.4814138,31.2347454],[121.4816693,31.2347746],[121.4818089,31.2347993],[121.482528,31.2350201],[121.482695,31.2350732],[121.4833563,31.2352951],[121.48388,31.2355289],[121.4840447,31.2355972],[121.4841877,31.2356453],[121.484911,31.2358409],[121.486591,31.2363779],[121.486706,31.2364184],[121.4867848,31.2364554]]}},{"type":"Feature","id":178441748,"properties":{"osmId":178441748,"highway":"residential","name":"山东南路","name:en":"South Shandong Road","oneway":"yes"},"geometry":{"type":"LineString","coordinates":[[121.4806544,31.2330226],[121.4806768,31.2328577],[121.4808344,31.2325181],[121.4810342,31.2320203],[121.4811718,31.2316117]]}},{"type":"Feature","id":178441749,"properties":{"osmId":178441749,"highway":"residential","name":"山西南路","name:en":"South Shanxi Road","name:zh":"山西南路","name:zh-Hans":"山西南路","name:zh-Hant":"山西南路","oneway":"yes"},"geometry":{"type":"LineString","coordinates":[[121.4786958,31.2372763],[121.4788098,31.2369639],[121.47893,31.2366371],[121.4791259,31.2361156]]}},{"type":"Feature","id":178441750,"properties":{"osmId":178441750,"highway":"residential","name":"泗泾路","name:en":"Sijing Road","name:zh":"泗泾路","name:zh-Hans":"泗泾路","name:zh-Hant":"泗涇路","sidewalk":"no"},"geometry":{"type":"LineString","coordinates":[[121.4816958,31.2352802],[121.4822821,31.2354021],[121.4829056,31.2355318],[121.4832596,31.2356054]]}},{"type":"Feature","id":178441752,"properties":{"osmId":178441752,"highway":"service"},"geometry":{"type":"LineString","coordinates":[[121.4789816,31.2344201],[121.4787959,31.2350881]]}},{"type":"Feature","id":178441754,"properties":{"osmId":178441754,"highway":"service"},"geometry":{"type":"LineString","coordinates":[[121.4784281,31.2338328],[121.4791572,31.2339661]]}},{"type":"Feature","id":178441756,"properties":{"osmId":178441756,"highway":"service"},"geometry":{"type":"LineString","coordinates":[[121.4805154,31.2339521],[121.4792087,31.2337464]]}},{"type":"Feature","id":178487029,"properties":{"osmId":178487029,"bicycle":"no","bridge":"yes","bus":"no","foot":"no","goods":"no","hgv":"no","highway":"trunk_link","lanes":"3","layer":"2","maxheight":"3","maxspeed":"40","mofa":"no","moped":"no","motorcar":"yes","motorcycle":"no","oneway":"yes","surface":"asphalt","taxi":"yes"},"geometry":{"type":"LineString","coordinates":[[121.4840482,31.233565],[121.4842598,31.2336381],[121.4845406,31.2337159],[121.4846654,31.2337528],[121.484788,31.2337925],[121.4849216,31.2338431]]}},{"type":"Feature","id":178487030,"properties":{"osmId":178487030,"bridge":"yes","highway":"trunk_link","layer":"2","oneway":"yes"},"geometry":{"type":"LineString","coordinates":[[121.4840482,31.233565],[121.4842537,31.2335981],[121.4844464,31.2336421],[121.4845985,31.2336828],[121.4846054,31.2336847],[121.4847753,31.2337367],[121.4849408,31.2337985]]}},{"type":"Feature","id":178487032,"properties":{"osmId":178487032,"bicycle":"no","bus":"no","foot":"no","goods":"no","hgv":"no","highway":"trunk_link","lanes":"3","maxheight":"3","maxspeed":"40","mofa":"no","moped":"no","motorcar":"yes","motorcycle":"no","oneway":"yes","surface":"asphalt","taxi":"yes"},"geometry":{"type":"LineString","coordinates":[[121.4849216,31.2338431],[121.4850965,31.2339396],[121.4851996,31.234005],[121.4852822,31.2340662],[121.4853267,31.2340983],[121.4853829,31.2341422],[121.4854569,31.2341956]]}},{"type":"Feature","id":178489247,"properties":{"osmId":178489247,"highway":"trunk_link","oneway":"yes"},"geometry":{"type":"LineString","coordinates":[[121.4849408,31.2337985],[121.4850681,31.2338677],[121.4851998,31.2339489],[121.4853443,31.2340509],[121.4855315,31.2341591],[121.4856562,31.234197]]}},{"type":"Feature","id":178489249,"properties":{"osmId":178489249,"bridge":"yes","highway":"trunk_link","lanes":"1","layer":"2","oneway":"yes","surface":"asphalt"},"geometry":{"type":"LineString","coordinates":[[121.4849087,31.2340017],[121.484648,31.233923],[121.4844065,31.2338578],[121.4842074,31.2338148],[121.4840022,31.2337713],[121.4838059,31.2337254],[121.4837181,31.2336952],[121.483627,31.2336483]]}},{"type":"Feature","id":178489250,"properties":{"osmId":178489250,"highway":"trunk_link","lanes":"1","oneway":"yes","surface":"asphalt"},"geometry":{"type":"LineString","coordinates":[[121.4853948,31.2342447],[121.4851875,31.2341431],[121.4851026,31.2340972],[121.4850207,31.2340502],[121.4849087,31.2340017]]}},{"type":"Feature","id":178489251,"properties":{"osmId":178489251,"highway":"trunk_link","lanes":"1","oneway":"yes"},"geometry":{"type":"LineString","coordinates":[[121.4854637,31.2344562],[121.4853996,31.23435],[121.4853423,31.2343063],[121.4852818,31.2342609],[121.4851687,31.2341995],[121.4850565,31.2341363],[121.4849641,31.2340955],[121.484888,31.2340675]]}},{"type":"Feature","id":178489252,"properties":{"osmId":178489252,"bicycle":"no","bus":"no","foot":"no","goods":"no","hgv":"no","highway":"primary","lanes":"2","maxheight":"3","maxspeed":"40","mofa":"no","moped":"no","motorcar":"yes","motorcycle":"no","name":"外滩隧道","name:en":"Bund Tunnel","oneway":"yes","surface":"asphalt","taxi":"yes"},"geometry":{"type":"LineString","coordinates":[[121.4854464,31.2342816],[121.4853948,31.2342447],[121.4853132,31.2341857],[121.4852376,31.2341327],[121.4851589,31.2340814],[121.4850644,31.2340293],[121.4849785,31.2339828],[121.4848888,31.2339441],[121.4847848,31.2339055],[121.4846359,31.2338627],[121.484394,31.2337951],[121.4840717,31.2337212],[121.4839987,31.2337124],[121.4839265,31.2337158],[121.4838736,31.2337195],[121.4838118,31.2337175],[121.4837441,31.2337105],[121.4836433,31.233691],[121.4835544,31.2336597]]}},{"type":"Feature","id":178493002,"properties":{"osmId":178493002,"highway":"residential","lanes":"1","name":"江西中路","name:en":"Middle Jiangxi Road","name:zh":"江西中路","name:zh-Hans":"江西中路","name:zh-Hant":"江西中路","oneway":"no"},"geometry":{"type":"LineString","coordinates":[[121.4824081,31.2390423],[121.4823855,31.2391348],[121.4822938,31.2393807],[121.482188,31.2396578],[121.4820626,31.2399778],[121.4820133,31.240096],[121.4819827,31.2401697],[121.4819508,31.2402535],[121.4818212,31.2405941],[121.4816452,31.2410731],[121.4814532,31.2415298],[121.4810619,31.2425488]]}},{"type":"Feature","id":178583140,"properties":{"osmId":178583140,"cycleway:both":"no","highway":"residential","lit":"yes","name":"广西北路","name:en":"North Guangxi Road","name:zh":"广西北路","name:zh-Hans":"广西北路","name:zh-Hant":"廣西北路","oneway":"yes","oneway:bicycle":"no"},"geometry":{"type":"LineString","coordinates":[[121.475525,31.2316356],[121.4752582,31.232027],[121.4750917,31.232256],[121.474481,31.2331218],[121.4743142,31.2333925],[121.4742135,31.2335456],[121.4741096,31.2337049],[121.4738937,31.234059],[121.4737619,31.2342751],[121.4734172,31.2348781],[121.4730791,31.2355657],[121.4728937,31.2362148],[121.4726309,31.2370523]]}},{"type":"Feature","id":178583141,"properties":{"osmId":178583141,"highway":"trunk_link","oneway":"yes"},"geometry":{"type":"LineString","coordinates":[[121.4786589,31.2330079],[121.4783005,31.2329725],[121.4780899,31.232932]]}},{"type":"Feature","id":178583144,"properties":{"osmId":178583144,"highway":"trunk_link","oneway":"yes"},"geometry":{"type":"LineString","coordinates":[[121.479643,31.2331922],[121.4794942,31.233195],[121.4794014,31.2331915],[121.4792981,31.2331846],[121.4791405,31.2331728]]}},{"type":"Feature","id":178583145,"properties":{"osmId":178583145,"highway":"tertiary","lanes":"3","name":"福建南路","name:en":"South Fujian Road","oneway":"yes"},"geometry":{"type":"LineString","coordinates":[[121.4789441,31.2325734],[121.4789146,31.2326307],[121.4788941,31.2326696],[121.4788911,31.232722],[121.4788991,31.232736],[121.4789184,31.2327492],[121.478963,31.2327658]]}},{"type":"Feature","id":178583146,"properties":{"osmId":178583146,"highway":"trunk_link","oneway":"yes"},"geometry":{"type":"LineString","coordinates":[[121.4778874,31.2325115],[121.4782086,31.2326252],[121.4786726,31.2327812],[121.4789173,31.2328486],[121.4793679,31.2329495],[121.4797816,31.2330257]]}},{"type":"Feature","id":178583148,"properties":{"osmId":178583148,"highway":"primary","name":"延安东路","name:en":"East Yan'an Road","name:zh":"延安东路","name:zh-Hans":"延安东路","name:zh-Hant":"延安東路","name:zh-Latn-pinyin":"Yán'ān Dōnglù","oneway":"yes"},"geometry":{"type":"LineString","coordinates":[[121.4761637,31.2316136],[121.4764759,31.2318592],[121.4766181,31.2319441],[121.4770937,31.2321954],[121.4773644,31.232344],[121.4776588,31.2324968],[121.4777721,31.2325459],[121.4779437,31.2326078],[121.4781395,31.2326789],[121.4784854,31.2327935],[121.4786311,31.2328339],[121.4787603,31.2328631],[121.4792855,31.2329853],[121.4797617,31.2331115],[121.4799292,31.2331619],[121.4800298,31.2331883],[121.4802498,31.2332295],[121.4803584,31.2332479],[121.4805355,31.2332583],[121.4807326,31.2332444],[121.4811564,31.2332021],[121.4819392,31.2330441],[121.4821809,31.2329473],[121.4822669,31.2329083],[121.4823563,31.2328816],[121.4824475,31.2328655],[121.4825372,31.2328491],[121.4826745,31.2328401]]}},{"type":"Feature","id":178583149,"properties":{"osmId":178583149,"highway":"primary","name":"延安东路","name:en":"East Yan'an Road","name:zh":"延安东路","name:zh-Hans":"延安东路","name:zh-Hant":"延安東路","name:zh-Latn-pinyin":"Yán'ān Dōnglù","oneway":"yes"},"geometry":{"type":"LineString","coordinates":[[121.4786589,31.2330079],[121.4784588,31.2329599],[121.4781261,31.2328693],[121.4779035,31.2327982],[121.4776997,31.2327156],[121.4769833,31.2323425]]}},{"type":"Feature","id":178583150,"properties":{"osmId":178583150,"foot":"no","highway":"trunk","lanes":"2","motor_vehicle":"yes","name":"延安东路隧道","name:en":"Yan'an Road Tunnel","oneway":"yes"},"geometry":{"type":"LineString","coordinates":[[121.4817029,31.2331744],[121.481342,31.2332454],[121.4810657,31.233289],[121.4809142,31.2333027],[121.4807171,31.2333176],[121.480536,31.2333199],[121.4802798,31.2333016],[121.4800747,31.2332729],[121.479903,31.2332488],[121.479643,31.2331922]]}},{"type":"Feature","id":178583151,"properties":{"osmId":178583151,"highway":"tertiary","lanes":"2","name":"福建中路","name:en":"Middle Fujian Road","oneway":"yes"},"geometry":{"type":"LineString","coordinates":[[121.4785201,31.2332799],[121.478501,31.2333224],[121.4784629,31.2333862]]}},{"type":"Feature","id":178583153,"properties":{"osmId":178583153,"foot":"no","highway":"trunk","lanes":"2","motor_vehicle":"yes","name":"延安东路隧道","name:en":"Yan'an Road Tunnel","oneway":"yes","surface":"asphalt"},"geometry":{"type":"LineString","coordinates":[[121.4797816,31.2330257],[121.4800136,31.2330688],[121.4802738,31.2330905],[121.480481,31.2330945],[121.4806701,31.2330906],[121.4808753,31.2330728],[121.4811692,31.2330189],[121.4819787,31.2328826]]}},{"type":"Feature","id":178583155,"properties":{"osmId":178583155,"highway":"tertiary_link","oneway":"yes"},"geometry":{"type":"LineString","coordinates":[[121.4784629,31.2333862],[121.4784814,31.2332887],[121.4784775,31.2332488],[121.4784735,31.2332254],[121.478451,31.2331768],[121.4784265,31.2331445],[121.4783917,31.2331147],[121.4783488,31.2330871],[121.47826,31.2330459]]}},{"type":"Feature","id":178583158,"properties":{"osmId":178583158,"highway":"tertiary_link","oneway":"yes"},"geometry":{"type":"LineString","coordinates":[[121.4788064,31.2331195],[121.4787251,31.2331332],[121.4786651,31.2331502],[121.4786174,31.2331875],[121.4785606,31.2332397],[121.4785201,31.2332799]]}},{"type":"Feature","id":178583159,"properties":{"osmId":178583159,"highway":"trunk_link","oneway":"yes"},"geometry":{"type":"LineString","coordinates":[[121.4778874,31.2325115],[121.4781255,31.2326229],[121.4783461,31.2327202],[121.4786311,31.2328339]]}},{"type":"Feature","id":178583160,"properties":{"osmId":178583160,"bridge":"yes","highway":"trunk_link","layer":"1","oneway":"yes"},"geometry":{"type":"LineString","coordinates":[[121.4777238,31.2327752],[121.4775441,31.2326881],[121.4770881,31.232445],[121.4765517,31.2321583]]}},{"type":"Feature","id":178583161,"properties":{"osmId":178583161,"highway":"tertiary_link","oneway":"yes"},"geometry":{"type":"LineString","coordinates":[[121.4789126,31.2330471],[121.4786997,31.2330691],[121.4786322,31.233085],[121.4785974,31.2331069]]}},{"type":"Feature","id":178583162,"properties":{"osmId":178583162,"highway":"tertiary","lanes":"2","name":"福建中路","name:en":"Middle Fujian Road","name:zh":"福建中路","name:zh-Hans":"福建中路","name:zh-Hant":"福建中路","oneway":"yes","trolley_wire":"yes"},"geometry":{"type":"LineString","coordinates":[[121.4761819,31.2371615],[121.4761326,31.2372274],[121.4759334,31.2375824],[121.4758818,31.2376684],[121.4758096,31.2377888],[121.4757793,31.2378567],[121.4757541,31.2379321],[121.4757076,31.2380528],[121.475644,31.238222],[121.4756069,31.2383221],[121.4755624,31.2384439],[121.4754038,31.2389184],[121.4753737,31.2390106]]}},{"type":"Feature","id":178583167,"properties":{"osmId":178583167,"highway":"tertiary","oneway":"yes"},"geometry":{"type":"LineString","coordinates":[[121.4769833,31.2323425],[121.4770937,31.2321954],[121.4771596,31.2321075]]}},{"type":"Feature","id":178583694,"properties":{"osmId":178583694,"highway":"primary","name":"延安东路","name:en":"East Yan'an Road","name:zh":"延安东路","name:zh-Hans":"延安东路","name:zh-Hant":"延安東路","name:zh-Latn-pinyin":"Yán'ān Dōnglù","oneway":"yes"},"geometry":{"type":"LineString","coordinates":[[121.4832045,31.2333643],[121.4829513,31.2332087],[121.4827287,31.2331078],[121.4825463,31.2330619],[121.4824792,31.2330527],[121.4824116,31.2330415],[121.4822933,31.2330403]]}},{"type":"Feature","id":178583695,"properties":{"osmId":178583695,"highway":"secondary","oneway":"yes","source":"interpolation"},"geometry":{"type":"LineString","coordinates":[[121.4823711,31.2328267],[121.4823563,31.2328816],[121.4822933,31.2330403]]}},{"type":"Feature","id":178583696,"properties":{"osmId":178583696,"highway":"secondary","oneway":"yes"},"geometry":{"type":"LineString","coordinates":[[121.4820694,31.2331723],[121.4821809,31.2329473],[121.4822313,31.2328285]]}},{"type":"Feature","id":178699049,"properties":{"osmId":178699049,"highway":"trunk_link","lanes":"2","lit":"yes","oneway":"yes"},"geometry":{"type":"LineString","coordinates":[[121.4737537,31.2306891],[121.4733356,31.2305115],[121.4730245,31.2303487],[121.4728045,31.2302225],[121.4725631,31.230078]]}},{"type":"Feature","id":178699051,"properties":{"osmId":178699051,"busway:left":"lane","highway":"primary","lanes":"3","name":"延安东路","name:en":"East Yan'an Road","name:zh":"延安东路","name:zh-Hans":"延安东路","name:zh-Hant":"延安東路","name:zh-Latn-pinyin":"Yán'ān Dōnglù","oneway":"yes","surface":"asphalt"},"geometry":{"type":"LineString","coordinates":[[121.4737617,31.2306706],[121.4735815,31.2305494],[121.4734678,31.2304847],[121.473121,31.2302913],[121.4727965,31.2301056],[121.4723594,31.2298303],[121.471992,31.2295643],[121.4719226,31.2295161],[121.4717345,31.2293854],[121.471544,31.2292684],[121.4711528,31.2290595],[121.4707639,31.2288727]]}},{"type":"Feature","id":178699054,"properties":{"osmId":178699054,"highway":"secondary","lanes":"4","oneway":"yes","source":"interpolation"},"geometry":{"type":"LineString","coordinates":[[121.4740036,31.230492],[121.4738598,31.2307215]]}},{"type":"Feature","id":178699056,"properties":{"osmId":178699056,"highway":"tertiary","name":"武胜路","name:en":"Wusheng Road","name:zh":"武胜路","name:zh-Hans":"武胜路","name:zh-Hant":"武勝路","oneway":"yes","surface":"paving_stones"},"geometry":{"type":"LineString","coordinates":[[121.4723888,31.2304312],[121.4723235,31.2302644],[121.4723004,31.2302065],[121.4722766,31.2301658],[121.4722119,31.2300551],[121.4721999,31.2300383],[121.4721739,31.2300017],[121.4721147,31.2299185],[121.4719961,31.229784],[121.4718296,31.2296037]]}},{"type":"Feature","id":178699058,"properties":{"osmId":178699058,"bridge":"yes","highway":"trunk_link","lanes":"2","layer":"1","oneway":"yes"},"geometry":{"type":"LineString","coordinates":[[121.4725631,31.230078],[121.472177,31.229812],[121.4718283,31.2295666],[121.4715038,31.2293349]]}},{"type":"Feature","id":178702239,"properties":{"osmId":178702239,"bicycle":"no","bridge":"yes","highway":"trunk","lanes":"2","layer":"2","motorroad":"yes","name":"延安高架路","name:en":"Yan'an Elevated Road","name:zh":"延安高架路","name:zh-Hans":"延安高架路","name:zh-Hant":"延安高架路","oneway":"yes","surface":"asphalt"},"geometry":{"type":"LineString","coordinates":[[121.4701431,31.2284486],[121.4709391,31.2287865],[121.4711672,31.2289034],[121.4713142,31.2290018],[121.4717028,31.2292243],[121.4723486,31.2296768],[121.4726685,31.2298895],[121.4730304,31.2301068],[121.4732247,31.2302181],[121.473616,31.2304273],[121.4736669,31.2304545],[121.4737709,31.230509],[121.4739779,31.2306174],[121.4741439,31.2307123],[121.4744138,31.2308486],[121.474641,31.2309633],[121.4756137,31.2314735],[121.4763413,31.2318414],[121.4768912,31.2321469],[121.4773158,31.2323708],[121.4777778,31.2325851],[121.4779481,31.2326459],[121.4782342,31.2327226],[121.4786557,31.232816],[121.4788862,31.2328728],[121.4789915,31.232897],[121.4794688,31.2330067],[121.4799876,31.2331191],[121.4801009,31.2331362],[121.48027,31.2331499],[121.4804128,31.2331512],[121.4806061,31.2331447],[121.4807937,31.2331323],[121.4810128,31.2330979],[121.4812694,31.2330611],[121.4819492,31.2329552],[121.4820694,31.2329443],[121.4822705,31.2329298],[121.4824557,31.2329372],[121.4826179,31.232959],[121.4827558,31.2329933],[121.4828773,31.2330343],[121.4829798,31.2330805],[121.4830763,31.2331319],[121.483161,31.2331825],[121.48324,31.2332364],[121.4833368,31.2333098],[121.4834221,31.2333684],[121.4834894,31.2334152],[121.4835502,31.2334482],[121.483641,31.2334866],[121.4837431,31.2335177],[121.4838574,31.2335395],[121.4840482,31.233565]]}},{"type":"Feature","id":178702243,"properties":{"osmId":178702243,"bicycle":"no","bridge":"yes","highway":"trunk","lanes":"2","layer":"2","lit":"yes","motorroad":"yes","name":"延安高架路","name:en":"Yan'an Elevated Road","name:zh":"延安高架路","name:zh-Hans":"延安高架路","name:zh-Hant":"延安高架路","oneway":"yes","surface":"asphalt"},"geometry":{"type":"LineString","coordinates":[[121.483627,31.2336483],[121.4834799,31.2335463],[121.4833649,31.2334422],[121.4832232,31.2333147],[121.4831109,31.2332374],[121.482993,31.2331662],[121.4829048,31.2331238],[121.4828179,31.2330891],[121.4827282,31.2330631],[121.4826346,31.2330423],[121.4825052,31.2330243],[121.4823486,31.2330116],[121.4822013,31.2330105],[121.4820168,31.2330252],[121.481346,31.2331326],[121.4808634,31.2332016],[121.4806884,31.2332236],[121.4805367,31.2332318],[121.4803452,31.2332324],[121.4801894,31.2332277],[121.4800016,31.2332083],[121.4797892,31.2331683],[121.4795753,31.2331164],[121.4789125,31.2329693],[121.4787819,31.2329393],[121.4785173,31.2328784],[121.4781409,31.2327866],[121.4778342,31.2326931],[121.4775468,31.2325643],[121.4772293,31.2324015],[121.4767482,31.2321561],[121.476539,31.2320493],[121.4761736,31.2318555],[121.4756527,31.231582],[121.4752296,31.2313854],[121.4740756,31.2307714],[121.4739486,31.2307038],[121.4737181,31.2305811],[121.4735573,31.2304956],[121.4730343,31.2302173],[121.4726731,31.229998],[121.4723175,31.2297695],[121.4717376,31.2293614],[121.471428,31.2291733],[121.4710336,31.2289617],[121.4706523,31.2288068],[121.4702719,31.2286735]]}},{"type":"Feature","id":178702248,"properties":{"osmId":178702248,"bridge":"yes","highway":"trunk_link","layer":"2","oneway":"yes"},"geometry":{"type":"LineString","coordinates":[[121.4688076,31.2278068],[121.4691891,31.2279519],[121.4696316,31.228117],[121.4700994,31.2283025]]}},{"type":"Feature","id":178702249,"properties":{"osmId":178702249,"bridge":"yes","highway":"trunk_link","layer":"2","lit":"yes","oneway":"yes"},"geometry":{"type":"LineString","coordinates":[[121.4711672,31.2289034],[121.4713777,31.2289863],[121.4715869,31.2290918],[121.4717506,31.2291881],[121.4718739,31.2292707],[121.4722705,31.2295463],[121.4725618,31.2297535],[121.4728099,31.2299106],[121.4730433,31.2300482],[121.4734295,31.2302569],[121.473649,31.2303748],[121.4738084,31.2304604],[121.4740362,31.2305828],[121.4741774,31.2306602],[121.474556,31.2308578],[121.4754513,31.2313351],[121.4758662,31.2315381],[121.4762612,31.2317231],[121.4765456,31.2318592],[121.4767242,31.2319491]]}},{"type":"Feature","id":178702250,"properties":{"osmId":178702250,"bridge":"yes","highway":"trunk_link","layer":"2","oneway":"yes"},"geometry":{"type":"LineString","coordinates":[[121.4675517,31.2273745],[121.4677561,31.2274415],[121.4679804,31.2274971],[121.4682693,31.2275817]]}},{"type":"Feature","id":178702251,"properties":{"osmId":178702251,"bridge":"yes","highway":"trunk_link","layer":"1","oneway":"yes"},"geometry":{"type":"LineString","coordinates":[[121.4767242,31.2319491],[121.4772913,31.2322353],[121.4775917,31.2323798],[121.4778874,31.2325115]]}},{"type":"Feature","id":178702252,"properties":{"osmId":178702252,"bridge":"yes","highway":"trunk_link","lanes":"3","layer":"2","oneway":"yes"},"geometry":{"type":"LineString","coordinates":[[121.4682693,31.2275817],[121.4688076,31.2278068]]}},{"type":"Feature","id":178702253,"properties":{"osmId":178702253,"highway":"primary_link","oneway":"yes","surface":"asphalt"},"geometry":{"type":"LineString","coordinates":[[121.4719226,31.2295161],[121.4714075,31.2293189]]}},{"type":"Feature","id":178702258,"properties":{"osmId":178702258,"busway:left":"lane","highway":"primary","lanes":"3","name":"延安东路","name:en":"East Yan'an Road","name:zh":"延安东路","name:zh-Hans":"延安东路","name:zh-Hant":"延安東路","name:zh-Latn-pinyin":"Yán'ān Dōnglù","oneway":"yes"},"geometry":{"type":"LineString","coordinates":[[121.4658753,31.226947],[121.4657662,31.2268988],[121.4656778,31.2268632],[121.4648615,31.2265345],[121.4647343,31.2264879],[121.4645877,31.2264342]]}},{"type":"Feature","id":178702260,"properties":{"osmId":178702260,"highway":"trunk_link","lit":"yes","oneway":"yes"},"geometry":{"type":"LineString","coordinates":[[121.4720134,31.2292684],[121.472911,31.2299099]]}},{"type":"Feature","id":178702261,"properties":{"osmId":178702261,"bridge":"yes","highway":"trunk_link","lanes":"3","layer":"2","oneway":"yes"},"geometry":{"type":"LineString","coordinates":[[121.4688076,31.2278068],[121.4690595,31.2279404],[121.4694088,31.2280986],[121.4697633,31.2282684],[121.4701431,31.2284486]]}},{"type":"Feature","id":178723092,"properties":{"osmId":178723092,"highway":"service","name":"人民广场地下停车场","name:en":"People's Square Underground Parking"},"geometry":{"type":"LineString","coordinates":[[121.4671853,31.229556],[121.4674376,31.2296224]]}},{"type":"Feature","id":178723093,"properties":{"osmId":178723093,"highway":"service","maxspeed":"5","name":"人民广场地下停车场","name:en":"People's Square Underground Parking"},"geometry":{"type":"LineString","coordinates":[[121.4674376,31.2296224],[121.4675206,31.2296422],[121.4675957,31.2296491],[121.4677352,31.2296376],[121.4678661,31.2296176],[121.4681835,31.2295692],[121.4682988,31.2295499],[121.4684221,31.2295218]]}},{"type":"Feature","id":178723097,"properties":{"osmId":178723097,"highway":"residential","name":"武胜路","name:en":"Wusheng Road","name:zh":"武胜路","name:zh-Hans":"武胜路","name:zh-Hant":"武勝路","surface":"asphalt"},"geometry":{"type":"LineString","coordinates":[[121.470807,31.2290029],[121.4707101,31.2291513],[121.4706652,31.2291974],[121.470641,31.2292147],[121.4706183,31.2292309],[121.470564,31.2292432],[121.4705119,31.2292489]]}},{"type":"Feature","id":178725150,"properties":{"osmId":178725150,"highway":"service","layer":"1","maxspeed":"5","name":"人民广场地下停车场","name:en":"People's Square Underground Parking","oneway":"yes"},"geometry":{"type":"LineString","coordinates":[[121.4726607,31.231458],[121.4726274,31.2313968],[121.4725605,31.2313129],[121.4725121,31.2312523],[121.4722545,31.2309098],[121.4720669,31.2306886],[121.4720381,31.2303488]]}},{"type":"Feature","id":178725446,"properties":{"osmId":178725446,"access":"private","buses":"yes","highway":"service","oneway":"yes","psv":"yes"},"geometry":{"type":"LineString","coordinates":[[121.4726302,31.231195],[121.472563,31.2311376],[121.4725147,31.2310917],[121.4724933,31.231055],[121.4723726,31.2307592],[121.4722707,31.2305413],[121.4721979,31.230359],[121.4721553,31.2302523],[121.47215,31.2302248],[121.47215,31.2301812],[121.4721741,31.2300986],[121.4721752,31.230072],[121.4721795,31.2300482],[121.4721739,31.2300017]]}},{"type":"Feature","id":178737620,"properties":{"osmId":178737620,"access":"private","foot":"yes","highway":"service"},"geometry":{"type":"LineString","coordinates":[[121.47215,31.2302248],[121.4720381,31.2303488]]}},{"type":"Feature","id":178737624,"properties":{"osmId":178737624,"access":"private","highway":"service","oneway":"yes"},"geometry":{"type":"LineString","coordinates":[[121.4723235,31.2302644],[121.4722841,31.2302226],[121.4722463,31.2302008],[121.4722117,31.230195],[121.4721846,31.2302008],[121.47215,31.2302248]]}},{"type":"Feature","id":226657313,"properties":{"osmId":226657313,"bicycle":"no","highway":"secondary","name":"北京东路","name:en":"East Beijing Road","old_name":"北京路","old_name:en":"Peking Road"},"geometry":{"type":"LineString","coordinates":[[121.4822695,31.2426688],[121.4823508,31.2426938],[121.4828755,31.2426993],[121.4829777,31.2426985],[121.4838125,31.2426914],[121.4845983,31.2426856],[121.4856406,31.2426657],[121.4858057,31.2426603]]}},{"type":"Feature","id":226657321,"properties":{"osmId":226657321,"cycleway:both":"no","highway":"residential","name":"四川中路","name:en":"Middle Sichuan Road","name:zh":"四川中路","name:zh-Hans":"四川中路","name:zh-Hant":"四川中路","oneway":"no","oneway:bicycle":"no","surface":"asphalt"},"geometry":{"type":"LineString","coordinates":[[121.4832261,31.2404488],[121.4831766,31.240551],[121.4831445,31.2406178],[121.4830281,31.2408453],[121.4827593,31.2414095],[121.4825297,31.2419024],[121.4825566,31.2419449],[121.4824699,31.2421139],[121.4822695,31.2426688]]}},{"type":"Feature","id":238219437,"properties":{"osmId":238219437,"highway":"residential","lit":"yes","name:en":"Fuyou Road","surface":"asphalt"},"geometry":{"type":"LineString","coordinates":[[121.4830036,31.229724],[121.4837621,31.2298316],[121.4842811,31.2299039],[121.4846845,31.2298892],[121.4854187,31.2298772],[121.4860613,31.2298667]]}},{"type":"Feature","id":238219462,"properties":{"osmId":238219462,"cycleway":"opposite_lane","highway":"unclassified","name:en":"Middle Fangbang Road"},"geometry":{"type":"LineString","coordinates":[[121.4877977,31.2272457],[121.4873921,31.2272092],[121.4873333,31.2272039],[121.4872428,31.2271961],[121.4867417,31.2271529],[121.4866385,31.227144],[121.4865069,31.2271201],[121.4863098,31.2270844],[121.4862816,31.2270793],[121.4861181,31.2270308],[121.485342,31.2267646],[121.4846739,31.2265237],[121.4843773,31.2264016],[121.4841731,31.2263366]]}},{"type":"Feature","id":238219468,"properties":{"osmId":238219468,"cycleway":"opposite_lane","cycleway:right":"lane","highway":"tertiary","name":"普安路","name:en":"Pu'an Road","name:zh":"普安路","name:zh-Hans":"普安路","name:zh-Hant":"普安路","oneway":"yes","surface":"asphalt"},"geometry":{"type":"LineString","coordinates":[[121.4725084,31.2273025],[121.4729833,31.2264076]]}},{"type":"Feature","id":238346293,"properties":{"osmId":238346293,"addr:city":"上海市","cycleway":"opposite_lane","highway":"tertiary","lanes":"1","name":"四川中路","name:en":"Middle Sichuan Road","name:zh":"四川中路","name:zh-Hans":"四川中路","name:zh-Hant":"四川中路","oneway":"no"},"geometry":{"type":"LineString","coordinates":[[121.4837537,31.2393945],[121.4837003,31.2395424],[121.4836622,31.2396229],[121.4835857,31.239759],[121.4834818,31.2399319],[121.4834413,31.2400039],[121.4833019,31.2402887],[121.4832261,31.2404488]]}},{"type":"Feature","id":238477350,"properties":{"osmId":238477350,"highway":"tertiary","name":"黄河路","name:en":"Huanghe Road","surface":"asphalt"},"geometry":{"type":"LineString","coordinates":[[121.4654209,31.2379529],[121.4652361,31.2383209],[121.4650294,31.2387326],[121.4649454,31.2388999],[121.4648078,31.2391739],[121.464734,31.2393209],[121.4645744,31.2396387],[121.464451,31.2399136],[121.4644028,31.2400614],[121.464401,31.2401687],[121.4644113,31.2402145]]}},{"type":"Feature","id":279209078,"properties":{"osmId":279209078,"highway":"tertiary_link","oneway":"yes"},"geometry":{"type":"LineString","coordinates":[[121.4655472,31.23384],[121.4656093,31.2337526],[121.4656568,31.2336684],[121.4656742,31.2335999],[121.4656806,31.2335251],[121.4656924,31.2334016],[121.4657005,31.2332803],[121.465703,31.2332002],[121.4656995,31.2331258],[121.4656952,31.2330554]]}},{"type":"Feature","id":306205048,"properties":{"osmId":306205048,"highway":"service"},"geometry":{"type":"LineString","coordinates":[[121.4761841,31.2254248],[121.4761506,31.2254845],[121.4761412,31.2255126],[121.4761546,31.2255389],[121.4761808,31.2255607],[121.4762264,31.225567],[121.4762525,31.2255579],[121.47628,31.2255223],[121.4763089,31.2254598]]}},{"type":"Feature","id":325226780,"properties":{"osmId":325226780,"access":"destination","highway":"service","oneway":"yes","service":"driveway","surface":"paved"},"geometry":{"type":"LineString","coordinates":[[121.4820045,31.2339462],[121.4821412,31.2340081],[121.4822029,31.2340976],[121.482137,31.2343125],[121.4821034,31.2344219],[121.4820178,31.2347008],[121.4827742,31.2348819]]}},{"type":"Feature","id":325226781,"properties":{"osmId":325226781,"access":"destination","highway":"service","oneway":"yes","service":"driveway","surface":"paved"},"geometry":{"type":"LineString","coordinates":[[121.4831267,31.2340886],[121.4831064,31.2340712],[121.4828345,31.2340095],[121.4821814,31.2338614],[121.4821412,31.2340081]]}},{"type":"Feature","id":325226782,"properties":{"osmId":325226782,"access":"destination","highway":"service","oneway":"yes","service":"driveway","surface":"paved"},"geometry":{"type":"LineString","coordinates":[[121.4827742,31.2348819],[121.482801,31.2347787],[121.4832972,31.2348774],[121.4835164,31.2341799],[121.4833228,31.2341375]]}},{"type":"Feature","id":326191796,"properties":{"osmId":326191796,"access":"destination","highway":"service","oneway":"no","service":"driveway","surface":"paved"},"geometry":{"type":"LineString","coordinates":[[121.4827742,31.2348819],[121.482695,31.2350732]]}},{"type":"Feature","id":335802664,"properties":{"osmId":335802664,"bicycle":"no","bridge":"yes","foot":"no","highway":"trunk_link","lanes":"3","layer":"3","oneway":"yes"},"geometry":{"type":"LineString","coordinates":[[121.4653791,31.2254191],[121.4657749,31.2250351],[121.46597,31.2248109],[121.4661407,31.2246067]]}},{"type":"Feature","id":335802672,"properties":{"osmId":335802672,"bicycle":"no","bridge":"yes","foot":"no","highway":"trunk_link","lanes":"1","layer":"3","oneway":"yes"},"geometry":{"type":"LineString","coordinates":[[121.4647123,31.2258322],[121.464884,31.2257534],[121.465057,31.2256582],[121.4652045,31.2255355],[121.4653791,31.2254191]]}},{"type":"Feature","id":335802680,"properties":{"osmId":335802680,"bridge":"yes","highway":"trunk_link","lanes":"2","layer":"3","oneway":"yes"},"geometry":{"type":"LineString","coordinates":[[121.4650127,31.2267878],[121.4649227,31.2267863],[121.4648407,31.2267928],[121.4647797,31.2268039],[121.4646965,31.2268222],[121.4646064,31.2268486],[121.4645375,31.2268759],[121.4644716,31.2269024]]}},{"type":"Feature","id":335802695,"properties":{"osmId":335802695,"bicycle":"no","bridge":"yes","foot":"no","highway":"trunk_link","lanes":"2","layer":"2","oneway":"yes"},"geometry":{"type":"LineString","coordinates":[[121.4656149,31.2257844],[121.4655767,31.225874],[121.4655599,31.2259438],[121.4655559,31.2260365],[121.4655707,31.226146],[121.4655934,31.2262213],[121.4656287,31.2262958],[121.4656974,31.2263935],[121.4657901,31.2264797],[121.4659508,31.2265816],[121.4660865,31.2266445],[121.4662613,31.2267397]]}},{"type":"Feature","id":387381528,"properties":{"osmId":387381528,"highway":"service"},"geometry":{"type":"LineString","coordinates":[[121.4653626,31.2356254],[121.4654844,31.2354057],[121.4654656,31.2352566],[121.4657901,31.2346489],[121.4659886,31.2343415],[121.4661174,31.2342269],[121.4662816,31.2340215],[121.4663655,31.234001]]}},{"type":"Feature","id":401226925,"properties":{"osmId":401226925,"access":"no","highway":"residential","name":"青莲街","name:en":"Qinglian Street"},"geometry":{"type":"LineString","coordinates":[[121.4808268,31.2245121],[121.4803282,31.2251605],[121.4802061,31.2252812],[121.4801546,31.2252906],[121.480077,31.225394],[121.479882,31.2259162],[121.4798692,31.2260417],[121.4796278,31.2266993]]}},{"type":"Feature","id":401226926,"properties":{"osmId":401226926,"highway":"residential","name":"青莲街","name:en":"Qinglian Street"},"geometry":{"type":"LineString","coordinates":[[121.4796278,31.2266993],[121.4792038,31.2278541],[121.4791593,31.2279348],[121.4790408,31.2280596],[121.4787731,31.2281632]]}},{"type":"Feature","id":421846088,"properties":{"osmId":421846088,"highway":"residential","name":"北石皮弄","name:en":"Beishipi Alley"},"geometry":{"type":"LineString","coordinates":[[121.4844909,31.2254841],[121.4832177,31.225236]]}},{"type":"Feature","id":421846558,"properties":{"osmId":421846558,"highway":"primary","lanes":"3","name":"延安东路","name:en":"East Yan'an Road","name:zh":"延安东路","name:zh-Hans":"延安东路","name:zh-Hant":"延安東路","name:zh-Latn-pinyin":"Yán'ān Dōnglù","oneway":"yes","surface":"asphalt"},"geometry":{"type":"LineString","coordinates":[[121.4718296,31.2296037],[121.4715924,31.2294396],[121.4714075,31.2293189],[121.4713053,31.2292592],[121.470807,31.2290029]]}},{"type":"Feature","id":435833211,"properties":{"osmId":435833211,"highway":"service","lit":"yes","motor_vehicle":"no","service":"alley","source":"gps;survey","surface":"paved"},"geometry":{"type":"LineString","coordinates":[[121.4640466,31.2308436],[121.46488,31.2311048],[121.4649318,31.2311222],[121.4650991,31.2311784],[121.4651174,31.2311941],[121.465133,31.2312476],[121.4651017,31.2313547],[121.4650704,31.2315064],[121.4650443,31.2316264]]}},{"type":"Feature","id":439836130,"properties":{"osmId":439836130,"bridge":"yes","highway":"trunk_link","lanes":"1","layer":"3","oneway":"yes"},"geometry":{"type":"LineString","coordinates":[[121.4680409,31.2278233],[121.4672845,31.2275275],[121.4668903,31.2273739],[121.4664705,31.227227],[121.4657521,31.226954],[121.4655129,31.2268708],[121.4653949,31.2268385],[121.4652351,31.2268097],[121.4651265,31.2267975],[121.4650127,31.2267878]]}},{"type":"Feature","id":439836131,"properties":{"osmId":439836131,"bicycle":"no","bridge":"yes","foot":"no","highway":"trunk_link","lanes":"2","layer":"2","oneway":"yes"},"geometry":{"type":"LineString","coordinates":[[121.4658395,31.2254065],[121.4654875,31.2257339],[121.4653373,31.2258795],[121.4652815,31.2259283],[121.4651933,31.2259999],[121.465107,31.2260568],[121.4650218,31.2260977],[121.4648772,31.226166],[121.4648015,31.2261962],[121.4647049,31.2262267],[121.4646256,31.2262466],[121.4645677,31.2262592],[121.4644871,31.2262709],[121.4644009,31.2262768],[121.4643338,31.2262771],[121.4642355,31.2262737],[121.4641466,31.2262626],[121.4640488,31.2262494],[121.4639229,31.2262252],[121.4637105,31.2261789]]}},{"type":"Feature","id":440740125,"properties":{"osmId":440740125,"highway":"service"},"geometry":{"type":"LineString","coordinates":[[121.4842521,31.2437468],[121.4842224,31.2437006],[121.4839811,31.2436571],[121.4838956,31.2436496],[121.4837352,31.243632]]}},{"type":"Feature","id":440740126,"properties":{"osmId":440740126,"highway":"service","service":"driveway"},"geometry":{"type":"LineString","coordinates":[[121.4838956,31.2436496],[121.4838604,31.243852]]}},{"type":"Feature","id":441752324,"properties":{"osmId":441752324,"highway":"service"},"geometry":{"type":"LineString","coordinates":[[121.4829777,31.2426985],[121.4829647,31.242365],[121.4824699,31.2421139]]}},{"type":"Feature","id":441752330,"properties":{"osmId":441752330,"bicycle":"yes","cycleway:both":"no","highway":"residential","lanes":"1","name":"北苏州路","name:en":"Beisuzhou Road","oneway":"yes","oneway:bicycle":"no","source":"interpolation","surface":"asphalt"},"geometry":{"type":"LineString","coordinates":[[121.476314,31.2425247],[121.4761305,31.2424433],[121.4759481,31.2423825],[121.4759244,31.2423771],[121.4757657,31.2423409],[121.4755992,31.2423183],[121.4754304,31.2423097],[121.4752242,31.2423312],[121.4751041,31.2423524],[121.4750544,31.2423612],[121.4749051,31.2424125],[121.4747207,31.242502],[121.4745954,31.2425666],[121.4742385,31.2427154],[121.4739288,31.2428679],[121.473713,31.2430327],[121.4735375,31.2431939],[121.4734183,31.2433455],[121.4733502,31.2434442],[121.4732707,31.243557],[121.473191,31.2436344],[121.4730752,31.243694],[121.4728666,31.2437366],[121.4726658,31.2437335],[121.4724633,31.2437272],[121.472237,31.2437229],[121.4720458,31.2437218],[121.4719398,31.2437348],[121.4718961,31.2437385],[121.4718271,31.2437444],[121.4716101,31.2437502],[121.4715128,31.2437485],[121.4714065,31.2437411],[121.4711193,31.2437117],[121.470918,31.2436991],[121.4703481,31.2436774],[121.4702633,31.2436696],[121.4701258,31.243642],[121.4699654,31.2436061],[121.4698328,31.2435713],[121.469683,31.2435223],[121.4694055,31.2434153],[121.4691219,31.2432888],[121.4690541,31.2432571],[121.4687335,31.2431074],[121.4685724,31.2430261],[121.4685206,31.242998],[121.4682765,31.2428581],[121.4681517,31.2427837],[121.4679609,31.2426679],[121.4678404,31.2425986],[121.4677892,31.2425727],[121.467731,31.2425469],[121.4676703,31.2425228],[121.4676062,31.2424933],[121.4673388,31.2423519]]}},{"type":"Feature","id":448931479,"properties":{"osmId":448931479,"highway":"residential","name":"九江路","name:en":"Jiujiang Road","name:zh":"九江路","name:zh-Hans":"九江路","name:zh-Hant":"九江路","oneway":"yes"},"geometry":{"type":"LineString","coordinates":[[121.4856252,31.2398648],[121.4854903,31.2398306],[121.4849555,31.2397021],[121.4837537,31.2393945]]}},{"type":"Feature","id":449536166,"properties":{"osmId":449536166,"highway":"service","service":"alley"},"geometry":{"type":"LineString","coordinates":[[121.4654791,31.2317917],[121.4655887,31.2315925],[121.4657132,31.2313661]]}},{"type":"Feature","id":449536167,"properties":{"osmId":449536167,"highway":"service","service":"alley"},"geometry":{"type":"LineString","coordinates":[[121.4655088,31.2313014],[121.4657132,31.2313661],[121.4659401,31.2314448]]}},{"type":"Feature","id":449536168,"properties":{"osmId":449536168,"highway":"service","service":"alley"},"geometry":{"type":"LineString","coordinates":[[121.4653841,31.2315217],[121.4655887,31.2315925],[121.4657991,31.231672]]}},{"type":"Feature","id":449565665,"properties":{"osmId":449565665,"cycleway":"lane","highway":"residential","name":"武胜路","name:en":"Wusheng Road","name:zh":"武胜路","name:zh-Hans":"武胜路","name:zh-Hant":"武勝路","surface":"asphalt","trolley_wire":"yes"},"geometry":{"type":"LineString","coordinates":[[121.4650967,31.2295747],[121.4655572,31.2295905],[121.4657718,31.2295978],[121.4659435,31.229594],[121.4663404,31.2295803],[121.4666981,31.2295788],[121.4671853,31.229556],[121.4674075,31.2295277],[121.4675144,31.2295055],[121.4676315,31.229481],[121.467733,31.2294514]]}},{"type":"Feature","id":449718769,"properties":{"osmId":449718769,"bicycle":"no","highway":"secondary","lanes":"2","lanes:psv:conditional":"1 @ (07:00-10:00; 16:00-19:00)","name":"河南中路","name:en":"Middle Henan Road","name:zh":"河南中路","name:zh-Hans":"河南中路","name:zh-Hant":"河南中路","oneway":"yes","surface":"asphalt"},"geometry":{"type":"LineString","coordinates":[[121.4804478,31.2395855],[121.4804216,31.2396573],[121.4804,31.2397102],[121.4802742,31.2400186],[121.480053,31.2405607]]}},{"type":"Feature","id":449718771,"properties":{"osmId":449718771,"bicycle":"no","highway":"secondary","lanes":"2","name":"河南中路","name:en":"Middle Henan Road","oneway":"yes"},"geometry":{"type":"LineString","coordinates":[[121.480306,31.2396215],[121.4803336,31.2395424]]}},{"type":"Feature","id":449718773,"properties":{"osmId":449718773,"bicycle":"no","highway":"secondary","lanes":"2","name":"河南中路","name:en":"Middle Henan Road","name:zh":"河南中路","name:zh-Hans":"河南中路","name:zh-Hant":"河南中路","oneway":"yes"},"geometry":{"type":"LineString","coordinates":[[121.4803336,31.2395424],[121.4803985,31.2393629],[121.4804322,31.2392555],[121.4805819,31.238705],[121.4806165,31.2385778]]}},{"type":"Feature","id":449718776,"properties":{"osmId":449718776,"bicycle":"no","highway":"secondary","lanes":"3","lanes:psv":"1","name":"河南中路","name:en":"Middle Henan Road","name:zh":"河南中路","name:zh-Hans":"河南中路","name:zh-Hant":"河南中路","oneway":"yes","surface":"asphalt"},"geometry":{"type":"LineString","coordinates":[[121.4799417,31.2405239],[121.4802164,31.2398498],[121.4802837,31.2396783],[121.480306,31.2396215]]}},{"type":"Feature","id":449718777,"properties":{"osmId":449718777,"highway":"residential","maxspeed":"40","maxspeed:type":"sign","name":"天津路","name:en":"Tianjin Road","name:etymology:wikidata":"Q11736","surface":"asphalt"},"geometry":{"type":"LineString","coordinates":[[121.4799417,31.2405239],[121.480053,31.2405607]]}},{"type":"Feature","id":449718778,"properties":{"osmId":449718778,"bicycle":"no","highway":"secondary","lanes":"2","name":"河南中路","name:en":"Middle Henan Road","oneway":"yes","surface":"asphalt"},"geometry":{"type":"LineString","coordinates":[[121.480053,31.2405607],[121.4797797,31.2412248],[121.4793103,31.2424111]]}},{"type":"Feature","id":449718779,"properties":{"osmId":449718779,"highway":"residential","name":"天津路","name:en":"Tianjin Road","name:etymology:wikidata":"Q11736","surface":"concrete"},"geometry":{"type":"LineString","coordinates":[[121.480053,31.2405607],[121.4807061,31.2407766],[121.4816452,31.2410731]]}},{"type":"Feature","id":450079467,"properties":{"osmId":450079467,"highway":"service","service":"alley"},"geometry":{"type":"LineString","coordinates":[[121.4652361,31.2383209],[121.4658842,31.238531]]}},{"type":"Feature","id":450079469,"properties":{"osmId":450079469,"highway":"service","service":"alley"},"geometry":{"type":"LineString","coordinates":[[121.4666193,31.2403043],[121.4675799,31.2401499],[121.4683292,31.2400211]]}},{"type":"Feature","id":450079474,"properties":{"osmId":450079474,"highway":"service","service":"alley"},"geometry":{"type":"LineString","coordinates":[[121.4668365,31.2404316],[121.4676171,31.2403187],[121.4683399,31.2401885]]}},{"type":"Feature","id":450079476,"properties":{"osmId":450079476,"highway":"service","service":"alley"},"geometry":{"type":"LineString","coordinates":[[121.467578,31.2401392],[121.4675799,31.2401499],[121.4676171,31.2403187],[121.4676331,31.2404408]]}},{"type":"Feature","id":450079477,"properties":{"osmId":450079477,"highway":"service","service":"alley"},"geometry":{"type":"LineString","coordinates":[[121.4671664,31.2405405],[121.4676331,31.2404408],[121.4682768,31.2403376]]}},{"type":"Feature","id":450079480,"properties":{"osmId":450079480,"highway":"service","service":"alley"},"geometry":{"type":"LineString","coordinates":[[121.4656329,31.2390556],[121.4663317,31.2392478],[121.4668831,31.2394396],[121.4669743,31.239503]]}},{"type":"Feature","id":451068736,"properties":{"osmId":451068736,"highway":"service","service":"parking_aisle"},"geometry":{"type":"LineString","coordinates":[[121.4655142,31.2319207],[121.4655734,31.231841]]}},{"type":"Feature","id":456475105,"properties":{"osmId":456475105,"cycleway":"lane","highway":"tertiary","lanes":"2","name":"福州路","name:en":"Fuzhou Road","name:etymology:wikidata":"Q68481","oneway":"yes"},"geometry":{"type":"LineString","coordinates":[[121.4731119,31.2340153],[121.4730212,31.2339816],[121.4723859,31.2337415],[121.4721931,31.2336695],[121.4721373,31.2336479],[121.4719013,31.2335565]]}},{"type":"Feature","id":460316442,"properties":{"osmId":460316442,"highway":"residential","name":"山西南路","name:en":"South Shanxi Road","name:zh":"山西南路","name:zh-Hans":"山西南路","name:zh-Hant":"山西南路"},"geometry":{"type":"LineString","coordinates":[[121.478272,31.2379528],[121.4785937,31.2372416]]}},{"type":"Feature","id":460316443,"properties":{"osmId":460316443,"cycleway":"opposite_lane","highway":"tertiary","name":"黄河路","name:en":"Huanghe Road","oneway":"yes","surface":"asphalt"},"geometry":{"type":"LineString","coordinates":[[121.4664786,31.2358703],[121.4660062,31.2368227],[121.4656338,31.2375735],[121.4654209,31.2379529]]}},{"type":"Feature","id":465144361,"properties":{"osmId":465144361,"highway":"primary","lanes":"2","name":"延安东路","name:en":"East Yan'an Road","name:zh":"延安东路","name:zh-Hans":"延安东路","name:zh-Hant":"延安東路","name:zh-Latn-pinyin":"Yán'ān Dōnglù","oneway":"yes","surface":"asphalt"},"geometry":{"type":"LineString","coordinates":[[121.4738598,31.2307215],[121.4737537,31.2306891]]}},{"type":"Feature","id":469632300,"properties":{"osmId":469632300,"bicycle":"no","highway":"tertiary","name":"南苏州路","name:en":"Nansuzhou Road"},"geometry":{"type":"LineString","coordinates":[[121.4830111,31.2455655],[121.4830972,31.2455706],[121.4831905,31.2455676],[121.4832906,31.2455423],[121.4834027,31.2455066],[121.4837045,31.2454098],[121.4838294,31.2453645],[121.4841633,31.2452434],[121.4844572,31.2451198],[121.4845922,31.2450471],[121.4847204,31.2449493],[121.4848309,31.2448314],[121.4850519,31.2445804]]}},{"type":"Feature","id":473523868,"properties":{"osmId":473523868,"access":"private","highway":"service","oneway":"yes"},"geometry":{"type":"LineString","coordinates":[[121.4828465,31.2328542],[121.482948,31.2328641],[121.4830039,31.2328806],[121.4830639,31.2329076],[121.4831145,31.23294],[121.4831574,31.2329675],[121.4832346,31.2330205],[121.4833708,31.2331214],[121.4835274,31.2332343],[121.4836205,31.2332982],[121.4837015,31.2333517],[121.4838391,31.2334309]]}},{"type":"Feature","id":474143552,"properties":{"osmId":474143552,"bicycle":"yes","cycleway":"lane","highway":"tertiary","lanes":"1","name":"金陵东路","name:en":"East Jinling Road","name:zh":"金陵东路","name:zh-Hans":"金陵东路","name:zh-Hant":"金陵東路","name:zh-Latn-pinyin":"Jīnlíng Dōnglù","source":"interpolation","surface":"concrete"},"geometry":{"type":"LineString","coordinates":[[121.4799582,31.2310119],[121.4784655,31.2302284],[121.4777589,31.2298577],[121.4771708,31.2295446],[121.4765168,31.2292032],[121.4760857,31.2289741],[121.4755305,31.228679],[121.4753867,31.2286088],[121.4752966,31.2285658]]}},{"type":"Feature","id":474802256,"properties":{"osmId":474802256,"cycleway":"opposite_track","highway":"tertiary","name":"浙江中路","name:en":"Middle Zhejiang Road","oneway":"yes","surface":"asphalt","trolley_wire":"yes","wikidata":"Q11148486"},"geometry":{"type":"LineString","coordinates":[[121.4720332,31.2416654],[121.4720929,31.2410453],[121.4721175,31.2408359],[121.4721639,31.2404417],[121.4723141,31.2400051],[121.4725178,31.2396066],[121.4726144,31.2394539],[121.4729362,31.2388863],[121.4733272,31.238251]]}},{"type":"Feature","id":475044040,"properties":{"osmId":475044040,"bicycle":"no","highway":"secondary","name":"西藏南路","name:en":"South Xizang Road","name:zh":"西藏南路","name:zh-Hans":"西藏南路","name:zh-Hant":"西藏南路","oneway":"yes","source":"interpolation","trolley_wire":"yes"},"geometry":{"type":"LineString","coordinates":[[121.4766187,31.2255533],[121.4766809,31.2254058],[121.4767351,31.2251773],[121.4768528,31.2244335],[121.4768987,31.2240943],[121.4769433,31.2237981],[121.4769635,31.2237045],[121.477105,31.2230489],[121.4771516,31.2228332]]}},{"type":"Feature","id":475446753,"properties":{"osmId":475446753,"highway":"residential","name":"浙江中路","name:en":"Middle Zhejiang Road","name:zh":"浙江中路","name:zh-Hans":"浙江中路","name:zh-Hant":"浙江中路","oneway":"yes"},"geometry":{"type":"LineString","coordinates":[[121.474286,31.2365514],[121.4745197,31.2358856],[121.4746287,31.2356328],[121.474765,31.2353169],[121.4749405,31.2349089],[121.4749569,31.2348337],[121.4749687,31.2347386],[121.4750017,31.2346094],[121.4750903,31.2344236],[121.475144,31.2343351],[121.4753044,31.2341245],[121.4753762,31.2340434],[121.4755077,31.2339073],[121.4756376,31.2337712],[121.4757553,31.2336566],[121.4761193,31.2333105],[121.4763302,31.2331027],[121.4764711,31.2329898]]}},{"type":"Feature","id":477497926,"properties":{"osmId":477497926,"highway":"service","layer":"-1","service":"alley","tunnel":"yes"},"geometry":{"type":"LineString","coordinates":[[121.4719527,31.2386233],[121.4720157,31.2384655]]}},{"type":"Feature","id":478205126,"properties":{"osmId":478205126,"access":"private","covered":"yes","highway":"service","tunnel":"building_passage"},"geometry":{"type":"LineString","coordinates":[[121.4690575,31.231995],[121.4695394,31.2322949]]}},{"type":"Feature","id":478205127,"properties":{"osmId":478205127,"access":"private","highway":"service"},"geometry":{"type":"LineString","coordinates":[[121.4691013,31.231454],[121.4690293,31.2315715],[121.4689951,31.2316283],[121.4689749,31.2316781],[121.4689592,31.2317388],[121.4689575,31.2318065],[121.4689833,31.231901],[121.469024,31.2319577],[121.4690575,31.231995]]}},{"type":"Feature","id":478271873,"properties":{"osmId":478271873,"busway:left":"lane","highway":"primary","name":"延安东路","name:en":"East Yan'an Road","name:zh":"延安东路","name:zh-Hans":"延安东路","name:zh-Hant":"延安東路","name:zh-Latn-pinyin":"Yán'ān Dōnglù","oneway":"yes"},"geometry":{"type":"LineString","coordinates":[[121.4858418,31.2346508],[121.4857184,31.2345941],[121.4854953,31.2344744],[121.4854637,31.2344562],[121.4852788,31.2343338],[121.4851211,31.2342422],[121.4849908,31.2341804],[121.4848605,31.2341274],[121.4845816,31.2340466],[121.4843596,31.2339851],[121.4841283,31.233923],[121.4839583,31.2338799],[121.4838166,31.2338376],[121.483672,31.2337535],[121.4835544,31.2336597],[121.4834397,31.233577],[121.4832045,31.2333643]]}},{"type":"Feature","id":478271876,"properties":{"osmId":478271876,"busway:left":"lane","highway":"primary","name":"延安东路","name:en":"East Yan'an Road","name:zh":"延安东路","name:zh-Hans":"延安东路","name:zh-Hant":"延安東路","name:zh-Latn-pinyin":"Yán'ān Dōnglù","oneway":"yes"},"geometry":{"type":"LineString","coordinates":[[121.4828465,31.2328542],[121.4829153,31.2328777],[121.4829831,31.2329163],[121.4830307,31.2329473],[121.4830825,31.2329864],[121.483157,31.2330431],[121.4832278,31.2330994],[121.4833716,31.2332019],[121.4834767,31.2332759],[121.4835841,31.2333501],[121.4836808,31.2333876],[121.4837802,31.2334157],[121.4838391,31.2334309]]}},{"type":"Feature","id":478271879,"properties":{"osmId":478271879,"busway:left":"lane","highway":"primary","name":"延安东路","name:en":"East Yan'an Road","name:zh":"延安东路","name:zh-Hans":"延安东路","name:zh-Hant":"延安東路","name:zh-Latn-pinyin":"Yán'ān Dōnglù","oneway":"yes"},"geometry":{"type":"LineString","coordinates":[[121.4849338,31.2337297],[121.4851578,31.2338455],[121.4852967,31.2339413],[121.4854945,31.2340763],[121.4856562,31.234197],[121.4857019,31.2342268],[121.485808,31.2343056],[121.4861502,31.2345055],[121.4863546,31.2346314]]}},{"type":"Feature","id":479205309,"properties":{"osmId":479205309,"bicycle":"no","foot":"no","highway":"trunk","lanes":"2","layer":"-1","motor_vehicle":"yes","name":"延安东路隧道","name:en":"Yan'an Road Tunnel","oneway":"yes","surface":"asphalt","tunnel":"yes"},"geometry":{"type":"LineString","coordinates":[[121.4853698,31.2338792],[121.4849361,31.2337096],[121.4843962,31.2335073],[121.4841589,31.2334178],[121.4839485,31.2333283],[121.4833335,31.2330439],[121.4831307,31.232951],[121.4830145,31.2329111],[121.4828619,31.2328833],[121.4827543,31.232876],[121.482638,31.2328775],[121.4825277,31.2328969],[121.4824397,31.2329202],[121.4823039,31.2329658],[121.482219,31.2330011],[121.4820694,31.2330625],[121.4819698,31.2330969],[121.4818551,31.2331332],[121.4817029,31.2331744]]}},{"type":"Feature","id":479210212,"properties":{"osmId":479210212,"bicycle":"no","foot":"no","highway":"trunk","lanes":"2","layer":"-1","motor_vehicle":"yes","name":"延安东路隧道","name:en":"Yan'an Road Tunnel","oneway":"yes","surface":"asphalt","tunnel":"yes"},"geometry":{"type":"LineString","coordinates":[[121.4819787,31.2328826],[121.4823438,31.2328158],[121.4826646,31.2327561],[121.4829988,31.2326972],[121.4833017,31.2326629],[121.4835821,31.2326522],[121.4838249,31.2326674],[121.4840645,31.2327168],[121.4843531,31.2328046],[121.484651,31.2329135],[121.4849616,31.2330336],[121.4852159,31.2331513],[121.4853544,31.2332264]]}},{"type":"Feature","id":479863106,"properties":{"osmId":479863106,"bicycle":"yes","cycleway":"track","highway":"tertiary","motor_vehicle":"no","name":"金陵西路","name:en":"West Jinling Road","name:zh":"金陵西路","name:zh-Hans":"金陵西路","name:zh-Hant":"金陵西路"},"geometry":{"type":"LineString","coordinates":[[121.4682548,31.2257955],[121.4681481,31.225754],[121.4674156,31.2256263],[121.4673467,31.2256117],[121.4666389,31.2255194],[121.46638,31.2253454],[121.4661379,31.2251811]]}},{"type":"Feature","id":479863118,"properties":{"osmId":479863118,"bicycle":"yes","foot":"yes","highway":"service","motor_vehicle":"no","name":"延安东路1310弄","name:en":"Lane 1310 of East Yan'an Road","name:zh":"延安东路1310弄","name:zh-Hans":"延安东路1310弄","name:zh-Hant":"延安東路1310弄","service":"alley"},"geometry":{"type":"LineString","coordinates":[[121.4665571,31.2272901],[121.4665228,31.2273578],[121.4664646,31.2274693],[121.4664341,31.2275559],[121.4663798,31.22771],[121.4664438,31.2277354],[121.4662575,31.2280306],[121.4662459,31.2280576]]}},{"type":"Feature","id":479994211,"properties":{"osmId":479994211,"highway":"service","service":"alley"},"geometry":{"type":"LineString","coordinates":[[121.4664341,31.2275559],[121.4668316,31.2277057]]}},{"type":"Feature","id":481367936,"properties":{"osmId":481367936,"highway":"service","service":"alley"},"geometry":{"type":"LineString","coordinates":[[121.4640896,31.2363567],[121.464506,31.2365386],[121.4646666,31.2366122],[121.4652272,31.2368358],[121.4650354,31.2372085],[121.4648785,31.2374481],[121.4643407,31.2372509]]}},{"type":"Feature","id":483897831,"properties":{"osmId":483897831,"bicycle":"no","highway":"secondary","lanes":"1","name":"九江路","name:en":"Jiujiang Road","name:zh":"九江路","name:zh-Hans":"九江路","name:zh-Hant":"九江路","source":"Bing","surface":"asphalt","trolley_wire":"yes","wikidata":"Q15924655","wikipedia":"zh:九江路 (上海)"},"geometry":{"type":"LineString","coordinates":[[121.4703843,31.2356662],[121.4701358,31.2356307],[121.468211,31.2353611],[121.4678266,31.2352974]]}},{"type":"Feature","id":483897834,"properties":{"osmId":483897834,"bicycle":"no","highway":"secondary","lit":"yes","name":"西藏中路","name:en":"Middle Xizang Road","name:etymology:wikidata":"Q17269","oneway":"yes","surface":"asphalt","wikidata":"Q6705140"},"geometry":{"type":"LineString","coordinates":[[121.4703843,31.2356662],[121.4708571,31.2349029],[121.4711628,31.2344387],[121.4713128,31.2341964],[121.4716073,31.233754],[121.4716686,31.2336621],[121.4717022,31.2336118],[121.4717731,31.2335063]]}},{"type":"Feature","id":484298629,"properties":{"osmId":484298629,"bicycle":"no","highway":"secondary","name":"北京东路","name:en":"East Beijing Road","old_name":"北京路","old_name:en":"Peking Road","trolley_wire":"yes","wikidata":"Q10902006"},"geometry":{"type":"LineString","coordinates":[[121.4692554,31.239747],[121.4699383,31.2399075],[121.4709459,31.2401312],[121.4715555,31.2402809],[121.4721639,31.2404417],[121.4730769,31.2406836],[121.4736606,31.2408396]]}},{"type":"Feature","id":488788626,"properties":{"osmId":488788626,"bicycle":"no","highway":"secondary","lanes":"4","name":"西藏南路","name:en":"South Xizang Road","name:zh":"西藏南路","name:zh-Hans":"西藏南路","name:zh-Hant":"西藏南路","oneway":"yes","source":"interpolation"},"geometry":{"type":"LineString","coordinates":[[121.4752966,31.2285658],[121.47519,31.2286838],[121.4749783,31.2289906],[121.47497,31.2290026],[121.474831,31.2292041],[121.4747226,31.2293741],[121.474627,31.229524],[121.4745287,31.2296681],[121.4742142,31.2301379],[121.4740245,31.2304449],[121.4740036,31.230492]]}},{"type":"Feature","id":488788629,"properties":{"osmId":488788629,"cycleway":"track","highway":"tertiary","name":"金陵中路","name:en":"Middle Jinling Road","name:zh":"金陵中路","name:zh-Hans":"金陵中路","name:zh-Hant":"金陵中路","surface":"asphalt"},"geometry":{"type":"LineString","coordinates":[[121.4693806,31.226203],[121.469218,31.2261619],[121.4687612,31.2260466],[121.4683541,31.2258524],[121.4682548,31.2257955]]}},{"type":"Feature","id":488788637,"properties":{"osmId":488788637,"cycleway":"lane","highway":"tertiary","lanes":"2","name":"黄陂南路","name:en":"South Huangpi Road","name:zh":"黄陂南路","name:zh-Hans":"黄陂南路","name:zh-Hant":"黃陂南路","surface":"asphalt"},"geometry":{"type":"LineString","coordinates":[[121.4698784,31.2251274],[121.4699636,31.2249704],[121.4703409,31.2243134],[121.4703759,31.2242489],[121.4704086,31.2241822],[121.4705569,31.2238852],[121.470582,31.2238328],[121.4706664,31.2236561],[121.4706973,31.223575]]}},{"type":"Feature","id":490271618,"properties":{"osmId":490271618,"cycleway:both":"no","highway":"residential","lanes":"1","name":"山东中路","name:en":"Middle Shandong Road","name:zh":"山东中路","name:zh-Hans":"山东中路","name:zh-Hant":"山東中路","oneway":"yes","oneway:bicycle":"no"},"geometry":{"type":"LineString","coordinates":[[121.4797257,31.2383684],[121.4798505,31.2376388],[121.4799129,31.2372225],[121.4799556,31.2368836],[121.4800443,31.2363639],[121.4800409,31.2361854],[121.4800529,31.2357949],[121.4800664,31.2357233],[121.4801036,31.2355913],[121.4802318,31.2351817],[121.4802416,31.2351501],[121.4803665,31.2346186]]}},{"type":"Feature","id":490474063,"properties":{"osmId":490474063,"bicycle":"no","highway":"secondary","lit":"yes","maxspeed:type":"CN-SH:urban","name":"西藏南路","name:en":"South Xizang Road","oneway":"yes","source":"interpolation","surface":"asphalt","trolley_wire":"yes"},"geometry":{"type":"LineString","coordinates":[[121.4769585,31.2244337],[121.4769574,31.2245849],[121.4769338,31.2247009],[121.4769113,31.224862],[121.4768901,31.225051],[121.4768826,31.2251725],[121.4768533,31.2253049],[121.4768206,31.2254384],[121.4768099,31.2254685],[121.4767668,31.2255904],[121.4766479,31.2258886]]}},{"type":"Feature","id":505655135,"properties":{"osmId":505655135,"highway":"service"},"geometry":{"type":"LineString","coordinates":[[121.4804679,31.2269824],[121.480631,31.2265883],[121.4804932,31.226545],[121.4807971,31.2259148],[121.4809183,31.2259483],[121.4809761,31.2258161]]}},{"type":"Feature","id":509646059,"properties":{"osmId":509646059,"cycleway:right":"lane","highway":"residential","oneway":"yes"},"geometry":{"type":"LineString","coordinates":[[121.4649685,31.2257086],[121.4651307,31.2255756]]}},{"type":"Feature","id":509646061,"properties":{"osmId":509646061,"bicycle":"no","foot":"no","highway":"primary_link","oneway":"yes"},"geometry":{"type":"LineString","coordinates":[[121.4650727,31.2257917],[121.4651307,31.2255756]]}},{"type":"Feature","id":509646062,"properties":{"osmId":509646062,"cycleway:right":"lane","highway":"primary","lanes":"2","name":"重庆中路","name:en":"Middle Chongqing Road","name:zh":"重庆中路","oneway":"yes","surface":"asphalt"},"geometry":{"type":"LineString","coordinates":[[121.4651307,31.2255756],[121.4655599,31.225188],[121.4658269,31.2249134]]}},{"type":"Feature","id":510107701,"properties":{"osmId":510107701,"highway":"residential","oneway":"yes"},"geometry":{"type":"LineString","coordinates":[[121.4650727,31.2257917],[121.4649685,31.2257086]]}},{"type":"Feature","id":511187812,"properties":{"osmId":511187812,"highway":"primary","lanes":"2","name":"重庆北路","name:en":"North Chongqing Road","name:zh":"重庆北路","name:zh-Hans":"重庆北路","name:zh-Hant":"重慶北路","name:zh-Latn-pinyin":"Chóngqìng Běilù","oneway":"yes"},"geometry":{"type":"LineString","coordinates":[[121.4656752,31.225672],[121.4656706,31.2261409],[121.4656697,31.2262362]]}},{"type":"Feature","id":511187815,"properties":{"osmId":511187815,"highway":"primary_link","lanes":"1","oneway":"yes"},"geometry":{"type":"LineString","coordinates":[[121.4656752,31.225672],[121.4653134,31.2258098]]}},{"type":"Feature","id":511187818,"properties":{"osmId":511187818,"bicycle":"yes","highway":"tertiary","motor_vehicle":"no","name":"金陵西路","name:en":"West Jinling Road"},"geometry":{"type":"LineString","coordinates":[[121.4661379,31.2251811],[121.4660299,31.2250897]]}},{"type":"Feature","id":511187821,"properties":{"osmId":511187821,"cycleway":"lane","cycleway:right":"lane","highway":"primary","lanes":"2","name":"重庆中路","name:en":"Middle Chongqing Road","name:zh":"重庆中路","oneway":"yes"},"geometry":{"type":"LineString","coordinates":[[121.4661379,31.2251811],[121.4658489,31.2254884]]}},{"type":"Feature","id":511187823,"properties":{"osmId":511187823,"highway":"primary","lanes":"3","name":"重庆中路","name:en":"Middle Chongqing Road","name:zh":"重庆中路","oneway":"yes","surface":"asphalt"},"geometry":{"type":"LineString","coordinates":[[121.4660299,31.2250897],[121.465706,31.2254498],[121.4653134,31.2258098]]}},{"type":"Feature","id":511404872,"properties":{"osmId":511404872,"highway":"primary_link","oneway":"yes"},"geometry":{"type":"LineString","coordinates":[[121.4658753,31.226947],[121.4657209,31.226969]]}},{"type":"Feature","id":511404873,"properties":{"osmId":511404873,"highway":"primary","lanes":"1","name":"延安东路","name:en":"East Yan'an Road","name:zh":"延安东路","name:zh-Hans":"延安东路","name:zh-Hant":"延安東路","name:zh-Latn-pinyin":"Yán'ān Dōnglù","oneway":"yes"},"geometry":{"type":"LineString","coordinates":[[121.4704811,31.2287391],[121.4703235,31.2287775],[121.4697129,31.2285289],[121.4694732,31.2284312],[121.4685613,31.2280596]]}},{"type":"Feature","id":511409187,"properties":{"osmId":511409187,"cycleway":"lane","highway":"tertiary","lanes":"2","name":"黄陂南路","name:en":"South Huangpi Road","trolley_wire":"yes"},"geometry":{"type":"LineString","coordinates":[[121.4686689,31.2278455],[121.4687088,31.22775]]}},{"type":"Feature","id":511409188,"properties":{"osmId":511409188,"busway:left":"lane","highway":"primary","name":"延安东路","name:en":"East Yan'an Road","name:zh":"延安东路","name:zh-Hans":"延安东路","name:zh-Hant":"延安東路","name:zh-Latn-pinyin":"Yán'ān Dōnglù","oneway":"yes","surface":"asphalt"},"geometry":{"type":"LineString","coordinates":[[121.4648054,31.2262513],[121.4649403,31.2263093],[121.4657232,31.226641]]}},{"type":"Feature","id":511409856,"properties":{"osmId":511409856,"highway":"primary_link","oneway":"yes"},"geometry":{"type":"LineString","coordinates":[[121.4665697,31.2272159],[121.4666914,31.2270232],[121.4667424,31.2269315]]}},{"type":"Feature","id":513082623,"properties":{"osmId":513082623,"bridge":"yes","highway":"trunk_link","layer":"1","oneway":"yes"},"geometry":{"type":"LineString","coordinates":[[121.4765517,31.2321583],[121.4762942,31.2320207],[121.4759804,31.2318234],[121.475637,31.2316216],[121.4752296,31.2313854]]}},{"type":"Feature","id":513082627,"properties":{"osmId":513082627,"bridge":"yes","highway":"trunk_link","lanes":"2","layer":"2","oneway":"yes"},"geometry":{"type":"LineString","coordinates":[[121.4715038,31.2293349],[121.4712758,31.229195],[121.4709969,31.2290436],[121.4705869,31.2288329],[121.4703394,31.2287077],[121.4702719,31.2286735]]}},{"type":"Feature","id":513082632,"properties":{"osmId":513082632,"bridge":"yes","highway":"trunk_link","layer":"1","oneway":"yes"},"geometry":{"type":"LineString","coordinates":[[121.4700994,31.2283025],[121.4705731,31.2284932],[121.4710398,31.2286996],[121.4713529,31.228852],[121.4720134,31.2292684]]}},{"type":"Feature","id":513082635,"properties":{"osmId":513082635,"bicycle":"no","bridge":"yes","foot":"no","highway":"trunk","lanes":"3","layer":"1","motorroad":"yes","name":"延安高架路","name:en":"Yan'an Elevated Road","oneway":"yes","surface":"asphalt"},"geometry":{"type":"LineString","coordinates":[[121.4662077,31.2269725],[121.4653936,31.226633],[121.4647914,31.2263796],[121.4642282,31.2261502],[121.4635885,31.2259839],[121.4632838,31.2259205],[121.462985,31.2258555],[121.4624896,31.2257699],[121.4621318,31.225745],[121.4616818,31.225755]]}},{"type":"Feature","id":513082641,"properties":{"osmId":513082641,"bicycle":"no","bridge":"yes","foot":"no","highway":"trunk","horse":"no","lanes":"3","layer":"1","motorroad":"yes","name":"延安高架路","name:en":"Yan'an Elevated Road","name:zh":"延安高架路","name:zh-Hans":"延安高架路","name:zh-Hant":"延安高架路","oneway":"yes","surface":"asphalt"},"geometry":{"type":"LineString","coordinates":[[121.4540221,31.225722],[121.4560499,31.2257569],[121.4571446,31.2257726],[121.4574976,31.2257774],[121.4580448,31.2257906],[121.4588659,31.22581],[121.4596312,31.2257915],[121.4610698,31.2256879],[121.4615636,31.2256607],[121.4620071,31.2256419],[121.4624909,31.2256575],[121.4630333,31.2257545],[121.4634758,31.2258543],[121.4640619,31.2260126],[121.4647888,31.2262729],[121.4655988,31.2265997],[121.466264,31.2268692]]}},{"type":"Feature","id":513087669,"properties":{"osmId":513087669,"bicycle":"no","bridge":"yes","highway":"trunk","lanes":"4","layer":"2","motorroad":"yes","name":"南北高架路","name:en":"North-South Elevated Road","name:zh":"南北高架路","name:zh-Hans":"南北高架路","name:zh-Hant":"南北高架路","oneway":"yes","surface":"asphalt"},"geometry":{"type":"LineString","coordinates":[[121.4671281,31.2233668],[121.4669633,31.2237503],[121.4668172,31.2240409],[121.4666435,31.2243428],[121.4665067,31.2245504],[121.4662854,31.2248302],[121.4658089,31.2252936]]}},{"type":"Feature","id":513272949,"properties":{"osmId":513272949,"cycleway":"lane","highway":"tertiary","lanes":"2","name":"黄陂北路","name:en":"North Huangpi Road","surface":"asphalt","trolley_wire":"yes"},"geometry":{"type":"LineString","coordinates":[[121.4685613,31.2280596],[121.4686119,31.2279786]]}},{"type":"Feature","id":513272950,"properties":{"osmId":513272950,"highway":"primary","name":"延安东路","name:en":"East Yan'an Road","name:zh":"延安东路","name:zh-Hans":"延安东路","name:zh-Hant":"延安東路","name:zh-Latn-pinyin":"Yán'ān Dōnglù","oneway":"yes"},"geometry":{"type":"LineString","coordinates":[[121.4685613,31.2280596],[121.4665571,31.2272901],[121.4663538,31.2272202],[121.4657209,31.226969]]}},{"type":"Feature","id":513272951,"properties":{"osmId":513272951,"highway":"primary","lanes":"2","name":"延安东路","name:en":"East Yan'an Road","name:zh":"延安东路","name:zh-Hans":"延安东路","name:zh-Hant":"延安東路","name:zh-Latn-pinyin":"Yán'ān Dōnglù","oneway":"yes","trolley_wire":"yes"},"geometry":{"type":"LineString","coordinates":[[121.4687088,31.22775],[121.4698952,31.2282201],[121.4711013,31.2286811],[121.4715241,31.2289066]]}},{"type":"Feature","id":515040937,"properties":{"osmId":515040937,"busway:left":"lane","highway":"primary","lanes":"7","name":"延安东路","name:en":"East Yan'an Road","name:zh":"延安东路","name:zh-Hans":"延安东路","name:zh-Hant":"延安東路","name:zh-Latn-pinyin":"Yán'ān Dōnglù","oneway":"yes","surface":"asphalt","trolley_wire":"yes"},"geometry":{"type":"LineString","coordinates":[[121.472911,31.2299099],[121.473888,31.2304434]]}},{"type":"Feature","id":515040940,"properties":{"osmId":515040940,"busway:left":"lane","highway":"primary","lanes":"3","name":"延安东路","name:en":"East Yan'an Road","name:zh":"延安东路","name:zh-Hans":"延安东路","name:zh-Hant":"延安東路","name:zh-Latn-pinyin":"Yán'ān Dōnglù","oneway":"yes","surface":"asphalt"},"geometry":{"type":"LineString","coordinates":[[121.4686689,31.2278455],[121.469378,31.22812],[121.4698494,31.2282977],[121.4704011,31.2285262]]}},{"type":"Feature","id":564273551,"properties":{"osmId":564273551,"highway":"service","oneway":"yes","trolley_wire":"yes"},"geometry":{"type":"LineString","coordinates":[[121.4670145,31.2347981],[121.4671446,31.2349298],[121.4671933,31.234976],[121.4672089,31.2349915],[121.4672205,31.235003],[121.4672394,31.2350221],[121.4672448,31.2350412],[121.467253,31.2350703],[121.4672458,31.2351075]]}},{"type":"Feature","id":564273552,"properties":{"osmId":564273552,"bicycle":"no","highway":"secondary","lit":"yes","name":"南京西路","name:en":"West Nanjing Road","name:zh":"南京西路","name:zh-Hans":"南京西路","name:zh-Hant":"南京西路","oneway":"yes","trolley_wire":"yes","wikidata":"Q10906894","wikipedia":"zh:南京西路 (上海市)"},"geometry":{"type":"LineString","coordinates":[[121.4656952,31.2330554],[121.4657797,31.2330743],[121.4658737,31.2331088],[121.4659414,31.2331409],[121.4659931,31.2331748],[121.4660302,31.2332038],[121.4660761,31.2332481],[121.4660929,31.2332642],[121.4661437,31.2333242],[121.4661853,31.2333881],[121.4662654,31.2335659],[121.4662803,31.2336004],[121.4663856,31.2338465],[121.4665473,31.2342416],[121.466629,31.2344037],[121.4666952,31.2345104],[121.4667692,31.2346026]]}},{"type":"Feature","id":564273553,"properties":{"osmId":564273553,"bicycle":"no","highway":"secondary","lanes":"2","name":"南京西路","name:en":"West Nanjing Road","name:zh":"南京西路","name:zh-Hans":"南京西路","name:zh-Hant":"南京西路","source":"interpolation","trolley_wire":"yes","wikidata":"Q10906894","wikipedia":"zh:南京西路 (上海市)"},"geometry":{"type":"LineString","coordinates":[[121.4656952,31.2330554],[121.4654823,31.2329938],[121.4653025,31.2329605],[121.4641575,31.2329052],[121.4638523,31.232886],[121.4634899,31.2328633],[121.4634516,31.2328609],[121.4626837,31.2328047]]}},{"type":"Feature","id":564273554,"properties":{"osmId":564273554,"access":"private","highway":"service","name":"新昌路","name:en":"Xinchang Road","name:zh":"新昌路","name:zh-Hans":"新昌路","name:zh-Hant":"新昌路","oneway":"yes"},"geometry":{"type":"LineString","coordinates":[[121.4660761,31.2332481],[121.4660446,31.233306],[121.4659212,31.2335355],[121.4656241,31.2338029],[121.4655472,31.23384]]}},{"type":"Feature","id":564273558,"properties":{"osmId":564273558,"bicycle":"no","highway":"secondary","name":"九江路","name:en":"Jiujiang Road","name:zh":"九江路","name:zh-Hans":"九江路","name:zh-Hant":"九江路","oneway":"yes","trolley_wire":"yes","wikidata":"Q15924655","wikipedia":"zh:九江路 (上海)"},"geometry":{"type":"LineString","coordinates":[[121.4672458,31.2351075],[121.4674837,31.235209],[121.4676215,31.2352678]]}},{"type":"Feature","id":564273559,"properties":{"osmId":564273559,"bicycle":"no","highway":"secondary","lanes":"1","name":"九江路","name:en":"Jiujiang Road","name:zh":"九江路","name:zh-Hans":"九江路","name:zh-Hant":"九江路","oneway":"yes","source":"Bing","trolley_wire":"yes","wikidata":"Q15924655","wikipedia":"zh:九江路 (上海)"},"geometry":{"type":"LineString","coordinates":[[121.4676215,31.2352678],[121.4674738,31.2352388],[121.4674122,31.2352346],[121.4673329,31.2352293]]}},{"type":"Feature","id":564273560,"properties":{"osmId":564273560,"bicycle":"no","highway":"tertiary","name":"黄河路","name:en":"Huanghe Road","name:zh":"黄河路","name:zh-Hans":"黄河路","name:zh-Hant":"黃河路","oneway":"yes"},"geometry":{"type":"LineString","coordinates":[[121.4671855,31.2351642],[121.4671173,31.2352267],[121.4665925,31.2357074],[121.4664786,31.2358703]]}},{"type":"Feature","id":564273561,"properties":{"osmId":564273561,"bicycle":"no","highway":"secondary","lit":"yes","name":"南京西路","name:en":"West Nanjing Road","name:zh":"南京西路","name:zh-Hans":"南京西路","name:zh-Hant":"南京西路","oneway":"yes","wikidata":"Q10906894","wikipedia":"zh:南京西路 (上海市)"},"geometry":{"type":"LineString","coordinates":[[121.4667692,31.2346026],[121.4669001,31.2347554],[121.4671019,31.2349622],[121.4671648,31.2350227],[121.4672061,31.2350623],[121.4672458,31.2351075]]}},{"type":"Feature","id":653860562,"properties":{"osmId":653860562,"highway":"residential","name":"武胜路","name:en":"Wusheng Road","name:zh":"武胜路","name:zh-Hans":"武胜路","name:zh-Hant":"武勝路","surface":"asphalt"},"geometry":{"type":"LineString","coordinates":[[121.4699654,31.2291911],[121.469725,31.2291875],[121.4695511,31.2291993],[121.4694638,31.2292043]]}},{"type":"Feature","id":654297629,"properties":{"osmId":654297629,"cycleway":"lane","highway":"tertiary","lanes":"2","name":"黄陂北路","name:en":"North Huangpi Road","name:zh":"黄陂北路","name:zh-Hans":"黄陂北路","name:zh-Hant":"黃陂北路"},"geometry":{"type":"LineString","coordinates":[[121.4668043,31.2305194],[121.4667307,31.2306358],[121.46672,31.2306528],[121.4664541,31.2311081],[121.466338,31.2313063],[121.4662305,31.231547],[121.4659997,31.2320637],[121.4659804,31.232117],[121.4659454,31.2321852],[121.4657463,31.2326308],[121.4657124,31.2327075],[121.4656942,31.232774],[121.4656893,31.2328196],[121.4656893,31.2328516],[121.4656952,31.2330554]]}},{"type":"Feature","id":654297630,"properties":{"osmId":654297630,"cycleway":"track","highway":"tertiary","name":"金陵中路","name:en":"Middle Jinling Road","name:zh":"金陵中路","name:zh-Hans":"金陵中路","name:zh-Hant":"金陵中路","surface":"asphalt","trolley_wire":"yes"},"geometry":{"type":"LineString","coordinates":[[121.4704658,31.2264459],[121.4703527,31.2264167],[121.4695609,31.2262457],[121.4693806,31.226203]]}},{"type":"Feature","id":666886082,"properties":{"osmId":666886082,"highway":"primary","name":"延安东路","name:en":"East Yan'an Road","name:zh":"延安东路","name:zh-Hans":"延安东路","name:zh-Hant":"延安東路","name:zh-Latn-pinyin":"Yán'ān Dōnglù","oneway":"yes"},"geometry":{"type":"LineString","coordinates":[[121.4657209,31.226969],[121.4646477,31.226563],[121.4645112,31.2265114]]}},{"type":"Feature","id":666886083,"properties":{"osmId":666886083,"highway":"primary_link","oneway":"yes"},"geometry":{"type":"LineString","coordinates":[[121.4657209,31.226969],[121.4656778,31.2268632]]}},{"type":"Feature","id":666886084,"properties":{"osmId":666886084,"busway:left":"lane","highway":"primary","lanes":"3","name":"延安东路","name:en":"East Yan'an Road","name:zh":"延安东路","name:zh-Hans":"延安东路","name:zh-Hant":"延安東路","name:zh-Latn-pinyin":"Yán'ān Dōnglù","oneway":"yes"},"geometry":{"type":"LineString","coordinates":[[121.4686119,31.2279786],[121.4665697,31.2272159],[121.4658753,31.226947]]}},{"type":"Feature","id":666886085,"properties":{"osmId":666886085,"busway:left":"lane","highway":"primary","lanes":"3","name":"延安东路","name:en":"East Yan'an Road","name:zh":"延安东路","name:zh-Hans":"延安东路","name:zh-Hant":"延安東路","name:zh-Latn-pinyin":"Yán'ān Dōnglù","oneway":"yes","surface":"asphalt"},"geometry":{"type":"LineString","coordinates":[[121.4704811,31.2287391],[121.4697599,31.2284492],[121.4693299,31.2282737],[121.4688157,31.2280638]]}},{"type":"Feature","id":666886086,"properties":{"osmId":666886086,"busway:left":"lane","highway":"primary","name":"延安东路","name:en":"East Yan'an Road","name:zh":"延安东路","name:zh-Hans":"延安东路","name:zh-Hant":"延安東路","name:zh-Latn-pinyin":"Yán'ān Dōnglù","oneway":"yes"},"geometry":{"type":"LineString","coordinates":[[121.4788064,31.2331195],[121.4785974,31.2331069],[121.4785202,31.2330919],[121.47826,31.2330459],[121.4780593,31.2329948],[121.4777591,31.232878],[121.4775638,31.2327803],[121.4769212,31.2324254]]}},{"type":"Feature","id":730661155,"properties":{"osmId":730661155,"bicycle":"no","highway":"secondary","lit":"yes","name":"北京东路","name:en":"East Beijing Road","old_name":"北京路","old_name:en":"Peking Road","trolley_wire":"yes","wikidata":"Q10902006"},"geometry":{"type":"LineString","coordinates":[[121.4745864,31.2410872],[121.4746474,31.2411032],[121.4748816,31.2411628],[121.4752234,31.2412494],[121.4753292,31.241277],[121.4755659,31.2413512],[121.4765695,31.2416929],[121.4772436,31.2419325],[121.4773742,31.2419768],[121.477741,31.2420774],[121.4780105,31.2421486],[121.4792097,31.2423947]]}},{"type":"Feature","id":730661156,"properties":{"osmId":730661156,"bicycle":"no","highway":"secondary","lanes":"2","name":"河南中路","name:en":"Middle Henan Road","oneway":"yes","surface":"asphalt","trolley_wire":"yes"},"geometry":{"type":"LineString","coordinates":[[121.4793103,31.2424111],[121.4792789,31.2424851],[121.4788831,31.2433919]]}},{"type":"Feature","id":730661157,"properties":{"osmId":730661157,"highway":"tertiary","lanes":"2","name":"福建中路","name:en":"Middle Fujian Road","oneway":"yes"},"geometry":{"type":"LineString","coordinates":[[121.4745864,31.2410872],[121.4745126,31.2413626]]}},{"type":"Feature","id":730661158,"properties":{"osmId":730661158,"bicycle":"no","highway":"secondary","name":"北京东路","name:en":"East Beijing Road","old_name":"北京路","old_name:en":"Peking Road","wikidata":"Q10902006"},"geometry":{"type":"LineString","coordinates":[[121.4810619,31.2425488],[121.4821775,31.2426427],[121.4822695,31.2426688]]}},{"type":"Feature","id":744284866,"properties":{"osmId":744284866,"highway":"service"},"geometry":{"type":"LineString","coordinates":[[121.4773095,31.2448347],[121.4772906,31.2448175],[121.4772659,31.2448068],[121.4772384,31.244804],[121.4772115,31.2448094],[121.4771883,31.2448223],[121.477173,31.2448392],[121.4771646,31.2448593],[121.4771638,31.2448806],[121.4771707,31.2449011],[121.4771848,31.2449187],[121.4772045,31.2449318],[121.4772279,31.244939],[121.4772529,31.2449396],[121.4772768,31.2449337],[121.4772975,31.2449217],[121.477314,31.2449027],[121.477322,31.2448801],[121.4773204,31.2448565],[121.4773095,31.2448347]]}},{"type":"Feature","id":744284867,"properties":{"osmId":744284867,"highway":"service"},"geometry":{"type":"LineString","coordinates":[[121.4759216,31.2444888],[121.4769789,31.2446473],[121.4770917,31.2446641],[121.4771413,31.2446914],[121.4771767,31.2447489],[121.4771767,31.2447852],[121.4771646,31.2448593]]}},{"type":"Feature","id":744284868,"properties":{"osmId":744284868,"highway":"service"},"geometry":{"type":"LineString","coordinates":[[121.4771767,31.2447489],[121.4772131,31.2447823],[121.4772659,31.2448068]]}},{"type":"Feature","id":744284869,"properties":{"osmId":744284869,"highway":"service"},"geometry":{"type":"LineString","coordinates":[[121.4771413,31.2446914],[121.4771264,31.2446264],[121.4771352,31.2445811],[121.477462,31.2442968],[121.4779567,31.2438667]]}},{"type":"Feature","id":744284870,"properties":{"osmId":744284870,"highway":"service"},"geometry":{"type":"LineString","coordinates":[[121.4769789,31.2446473],[121.4770503,31.244634],[121.4770927,31.2446143],[121.4771352,31.2445811]]}},{"type":"Feature","id":744284871,"properties":{"osmId":744284871,"highway":"service"},"geometry":{"type":"LineString","coordinates":[[121.477462,31.2442968],[121.4763612,31.2433373],[121.4762965,31.2433057],[121.4761481,31.2432826]]}},{"type":"Feature","id":744284872,"properties":{"osmId":744284872,"highway":"service"},"geometry":{"type":"LineString","coordinates":[[121.4779538,31.2446674],[121.4778907,31.2446499],[121.4778766,31.2446272],[121.4778624,31.2445924],[121.4778642,31.2445561],[121.4780075,31.2441416]]}},{"type":"Feature","id":744519090,"properties":{"osmId":744519090,"highway":"service"},"geometry":{"type":"LineString","coordinates":[[121.4761986,31.2430841],[121.4755119,31.2429443],[121.475248,31.2429204],[121.4748184,31.2429204]]}},{"type":"Feature","id":744525736,"properties":{"osmId":744525736,"highway":"service"},"geometry":{"type":"LineString","coordinates":[[121.4759244,31.2423771],[121.4758557,31.2424262],[121.4757967,31.2424629],[121.4757739,31.2424778],[121.4757364,31.2424916],[121.4756921,31.2424939],[121.4755687,31.2424698]]}},{"type":"Feature","id":744525737,"properties":{"osmId":744525737,"highway":"service"},"geometry":{"type":"LineString","coordinates":[[121.4752844,31.2424388],[121.4752294,31.2424411],[121.4751852,31.2424377],[121.4751503,31.2424228],[121.4751342,31.2424021],[121.4751041,31.2423524]]}},{"type":"Feature","id":756797936,"properties":{"osmId":756797936,"highway":"service","service":"alley"},"geometry":{"type":"LineString","coordinates":[[121.4757176,31.2408188],[121.4756034,31.2409515],[121.4754322,31.2411545],[121.4753292,31.241277]]}},{"type":"Feature","id":756797955,"properties":{"osmId":756797955,"highway":"service","service":"driveway"},"geometry":{"type":"LineString","coordinates":[[121.4746754,31.240203],[121.4745748,31.2404601],[121.4744325,31.2408284]]}},{"type":"Feature","id":756797962,"properties":{"osmId":756797962,"highway":"service","service":"driveway"},"geometry":{"type":"LineString","coordinates":[[121.4726144,31.2394539],[121.4728583,31.2395225],[121.4732286,31.2396178]]}},{"type":"Feature","id":756797963,"properties":{"osmId":756797963,"highway":"service","service":"driveway"},"geometry":{"type":"LineString","coordinates":[[121.4728583,31.2395225],[121.4729432,31.23938],[121.473029,31.2392395],[121.4731193,31.2391148],[121.4732914,31.2391689]]}},{"type":"Feature","id":756797964,"properties":{"osmId":756797964,"highway":"service","service":"driveway"},"geometry":{"type":"LineString","coordinates":[[121.473029,31.2392395],[121.4732915,31.2393238]]}},{"type":"Feature","id":756797965,"properties":{"osmId":756797965,"highway":"service","service":"driveway"},"geometry":{"type":"LineString","coordinates":[[121.4729432,31.23938],[121.4732681,31.2394759]]}},{"type":"Feature","id":756797966,"properties":{"osmId":756797966,"highway":"service","service":"alley"},"geometry":{"type":"LineString","coordinates":[[121.4741301,31.2398842],[121.4742085,31.2395993],[121.474234,31.2394793],[121.4739881,31.2394314]]}},{"type":"Feature","id":756797967,"properties":{"osmId":756797967,"highway":"service","service":"alley"},"geometry":{"type":"LineString","coordinates":[[121.4742085,31.2395993],[121.4739505,31.2395622]]}},{"type":"Feature","id":756797970,"properties":{"osmId":756797970,"highway":"service","service":"alley"},"geometry":{"type":"LineString","coordinates":[[121.4738706,31.2398423],[121.4739505,31.2395622],[121.4739881,31.2394314]]}},{"type":"Feature","id":756799565,"properties":{"osmId":756799565,"highway":"service","service":"driveway"},"geometry":{"type":"LineString","coordinates":[[121.4731955,31.2389732],[121.4735131,31.2383934]]}},{"type":"Feature","id":756799568,"properties":{"osmId":756799568,"highway":"service","service":"driveway"},"geometry":{"type":"LineString","coordinates":[[121.4738947,31.2385484],[121.4737902,31.2389016]]}},{"type":"Feature","id":756799584,"properties":{"osmId":756799584,"highway":"service","service":"alley"},"geometry":{"type":"LineString","coordinates":[[121.4726983,31.2388139],[121.4726038,31.2389703],[121.4725233,31.2391035],[121.472438,31.2392447],[121.4723561,31.2393803]]}},{"type":"Feature","id":756799585,"properties":{"osmId":756799585,"highway":"service","service":"driveway"},"geometry":{"type":"LineString","coordinates":[[121.472438,31.2392447],[121.4719893,31.2391438]]}},{"type":"Feature","id":756799586,"properties":{"osmId":756799586,"highway":"service","service":"driveway"},"geometry":{"type":"LineString","coordinates":[[121.4725233,31.2391035],[121.4720395,31.2389939]]}},{"type":"Feature","id":756799587,"properties":{"osmId":756799587,"highway":"service","service":"driveway"},"geometry":{"type":"LineString","coordinates":[[121.4726038,31.2389703],[121.4720866,31.2388507]]}},{"type":"Feature","id":756801885,"properties":{"osmId":756801885,"highway":"service","service":"alley"},"geometry":{"type":"LineString","coordinates":[[121.4767746,31.2412165],[121.4771104,31.2413212],[121.4774116,31.2414217],[121.4774207,31.2414246],[121.4774922,31.2412634],[121.4771808,31.2411624],[121.4771104,31.2413212]]}},{"type":"Feature","id":756801886,"properties":{"osmId":756801886,"highway":"service","service":"alley"},"geometry":{"type":"LineString","coordinates":[[121.4779064,31.2408367],[121.4777974,31.2410642],[121.4777368,31.2410513],[121.4776353,31.2413103],[121.4773742,31.2419768]]}},{"type":"Feature","id":756801887,"properties":{"osmId":756801887,"highway":"service","service":"alley"},"geometry":{"type":"LineString","coordinates":[[121.4774922,31.2412634],[121.4776353,31.2413103]]}},{"type":"Feature","id":807707414,"properties":{"osmId":807707414,"highway":"service"},"geometry":{"type":"LineString","coordinates":[[121.4642535,31.2303839],[121.4643417,31.2304121],[121.4646411,31.230508],[121.4648872,31.2305756],[121.465083,31.2306364]]}},{"type":"Feature","id":807707418,"properties":{"osmId":807707418,"highway":"service"},"geometry":{"type":"LineString","coordinates":[[121.4663484,31.2302672],[121.4662845,31.230349],[121.4662062,31.2304702]]}},{"type":"Feature","id":822854042,"properties":{"osmId":822854042,"highway":"service"},"geometry":{"type":"LineString","coordinates":[[121.4831004,31.2292211],[121.4838551,31.2293235]]}},{"type":"Feature","id":900279868,"properties":{"osmId":900279868,"cycleway":"track","highway":"tertiary","name":"金陵中路","name:en":"Middle Jinling Road","trolley_wire":"yes"},"geometry":{"type":"LineString","coordinates":[[121.4752966,31.2285658],[121.475223,31.228531]]}},{"type":"Feature","id":900279869,"properties":{"osmId":900279869,"bicycle":"yes","highway":"tertiary","motor_vehicle":"no","name":"金陵西路","name:en":"West Jinling Road"},"geometry":{"type":"LineString","coordinates":[[121.4659894,31.225057],[121.4659041,31.2249882]]}},{"type":"Feature","id":900279886,"properties":{"osmId":900279886,"bicycle":"no","highway":"secondary","lanes":"2","name":"淮海中路","name:en":"Middle Huaihai Road","name:zh":"淮海中路","name:zh-Hans":"淮海中路","name:zh-Hant":"淮海中路","name:zh-Latn-pinyin":"Huáihǎi Zhōnglù","source":"interpolation","source:bicycle":"local knowledge","surface":"asphalt"},"geometry":{"type":"LineString","coordinates":[[121.474193,31.2269033],[121.4746944,31.2271075],[121.4751041,31.2272745]]}},{"type":"Feature","id":900279888,"properties":{"osmId":900279888,"highway":"tertiary","lanes":"2","name":"福建中路","name:en":"Middle Fujian Road","name:zh":"福建中路","name:zh-Hans":"福建中路","name:zh-Hant":"福建中路","oneway":"yes","trolley_wire":"yes"},"geometry":{"type":"LineString","coordinates":[[121.477308,31.2355839],[121.4768678,31.2361644],[121.476734,31.2363337],[121.4765782,31.2365231]]}},{"type":"Feature","id":900279889,"properties":{"osmId":900279889,"bicycle":"no","highway":"tertiary","lanes":"2","name":"福州路","name:en":"Fuzhou Road","name:etymology:wikidata":"Q68481","oneway":"yes","surface":"asphalt"},"geometry":{"type":"LineString","coordinates":[[121.477308,31.2355839],[121.4766309,31.2353358],[121.4764234,31.2352563]]}},{"type":"Feature","id":900279890,"properties":{"osmId":900279890,"bicycle":"no","highway":"tertiary","lanes":"2","name":"福州路","name:en":"Fuzhou Road","name:zh":"福州路","name:zh-Hans":"福州路","name:zh-Hant":"福州路","oneway":"yes"},"geometry":{"type":"LineString","coordinates":[[121.4859802,31.2376051],[121.4858525,31.2375783],[121.485723,31.237551],[121.4854917,31.2375065],[121.4849539,31.2373974],[121.4844111,31.2372973],[121.4836712,31.2371637],[121.4834103,31.2371175],[121.4828464,31.2370092]]}},{"type":"Feature","id":900279891,"properties":{"osmId":900279891,"highway":"tertiary","name":"湖北路","name:en":"Hubei Road","name:zh":"湖北路","name:zh-Hans":"湖北路","name:zh-Hant":"湖北路","surface":"asphalt","trolley_wire":"yes"},"geometry":{"type":"LineString","coordinates":[[121.4764234,31.2352563],[121.4765292,31.2351375],[121.476638,31.2350153],[121.4767925,31.234692],[121.4768637,31.2344781],[121.4769017,31.2342971],[121.4768922,31.2341287]]}},{"type":"Feature","id":900279892,"properties":{"osmId":900279892,"highway":"tertiary","name":"湖北路","name:en":"Hubei Road","name:zh":"湖北路","name:zh-Hans":"湖北路","name:zh-Hant":"湖北路","surface":"asphalt","trolley_wire":"yes"},"geometry":{"type":"LineString","coordinates":[[121.4757995,31.2362165],[121.4761392,31.2356938],[121.4763218,31.2354127],[121.4764234,31.2352563]]}},{"type":"Feature","id":900279893,"properties":{"osmId":900279893,"cycleway:both":"no","highway":"residential","name":"汉口路","name:en":"Hankou Road","name:zh":"汉口路","name:zh-Hans":"汉口路","name:zh-Hant":"漢口路","oneway":"yes","oneway:bicycle":"no"},"geometry":{"type":"LineString","coordinates":[[121.4757995,31.2362165],[121.4765782,31.2365231]]}},{"type":"Feature","id":900279894,"properties":{"osmId":900279894,"cycleway:both":"no","highway":"residential","name":"汉口路","name:en":"Hankou Road","name:zh":"汉口路","name:zh-Hans":"汉口路","name:zh-Hant":"漢口路","oneway":"yes","oneway:bicycle":"no","surface":"asphalt"},"geometry":{"type":"LineString","coordinates":[[121.484024,31.238562],[121.4841637,31.2385949],[121.4852128,31.2388436],[121.485532,31.2389033],[121.4856353,31.2389131],[121.4857524,31.2389241]]}},{"type":"Feature","id":900279895,"properties":{"osmId":900279895,"highway":"tertiary","lanes":"2","name":"福建中路","name:en":"Middle Fujian Road","oneway":"no"},"geometry":{"type":"LineString","coordinates":[[121.4784629,31.2333862],[121.4784499,31.2334131],[121.4782429,31.2338411],[121.4781173,31.2340672],[121.4779807,31.2343133]]}},{"type":"Feature","id":966464258,"properties":{"osmId":966464258,"highway":"service","service":"alley"},"geometry":{"type":"LineString","coordinates":[[121.4675485,31.2399774],[121.4675524,31.2399986]]}},{"type":"Feature","id":966464259,"properties":{"osmId":966464259,"highway":"service","service":"alley","tunnel":"building_passage"},"geometry":{"type":"LineString","coordinates":[[121.4675524,31.2399986],[121.467578,31.2401392]]}},{"type":"Feature","id":967985513,"properties":{"osmId":967985513,"busway:left":"lane","highway":"primary","lanes":"4","name":"延安东路","name:en":"East Yan'an Road","name:zh":"延安东路","name:zh-Hans":"延安东路","name:zh-Hant":"延安東路","name:zh-Latn-pinyin":"Yán'ān Dōnglù","oneway":"yes","surface":"asphalt"},"geometry":{"type":"LineString","coordinates":[[121.4788296,31.2327457],[121.478963,31.2327658],[121.4790355,31.232777],[121.4791114,31.232783],[121.4792405,31.2327869],[121.4793626,31.2328026],[121.4794971,31.2328386],[121.4797263,31.2329229],[121.4798988,31.2329674],[121.4800298,31.232991],[121.4802132,31.2330118],[121.4803992,31.2330189],[121.4806544,31.2330226],[121.4808348,31.2330102],[121.4809584,31.2329877],[121.4812143,31.2329502],[121.4814144,31.2329238],[121.4818009,31.2328679],[121.4820683,31.2328306],[121.4822313,31.2328285]]}},{"type":"Feature","id":985133430,"properties":{"osmId":985133430,"busway:left":"lane","highway":"primary","lanes":"3","name":"延安东路","name:en":"East Yan'an Road","name:zh":"延安东路","name:zh-Hans":"延安东路","name:zh-Hant":"延安東路","name:zh-Latn-pinyin":"Yán'ān Dōnglù","oneway":"yes","surface":"asphalt"},"geometry":{"type":"LineString","coordinates":[[121.4707639,31.2288727],[121.4704811,31.2287391]]}},{"type":"Feature","id":987437440,"properties":{"osmId":987437440,"highway":"tertiary","name":"湖北路","name:en":"Hubei Road","surface":"asphalt"},"geometry":{"type":"LineString","coordinates":[[121.4768922,31.2341287],[121.4768191,31.2338895]]}},{"type":"Feature","id":987437441,"properties":{"osmId":987437441,"highway":"tertiary","name":"浙江北路","name:en":"North Zhejiang Road","trolley_wire":"yes"},"geometry":{"type":"LineString","coordinates":[[121.4720458,31.2437218],[121.4720495,31.2437993],[121.4720478,31.2438265],[121.4720444,31.2438475],[121.4717993,31.2446124],[121.4717108,31.2448887],[121.4717076,31.2448987],[121.4716856,31.2449828]]}},{"type":"Feature","id":987437442,"properties":{"osmId":987437442,"highway":"secondary","lanes":"2","name":"河南北路","name:en":"North Henan Road","oneway":"yes","trolley_wire":"yes"},"geometry":{"type":"LineString","coordinates":[[121.4777618,31.2457242],[121.477766,31.2456863],[121.4777702,31.2456476],[121.4777842,31.2455691],[121.477866,31.2452399],[121.4779604,31.2449104],[121.4780109,31.2447481],[121.4780681,31.2445937],[121.4781321,31.244437],[121.4782026,31.2442847]]}},{"type":"Feature","id":987437443,"properties":{"osmId":987437443,"bicycle":"no","highway":"secondary","name":"北京东路","name:en":"East Beijing Road","old_name":"北京路","old_name:en":"Peking Road","trolley_wire":"yes","wikidata":"Q10902006"},"geometry":{"type":"LineString","coordinates":[[121.4792097,31.2423947],[121.4793103,31.2424111]]}},{"type":"Feature","id":987437450,"properties":{"osmId":987437450,"bicycle":"no","highway":"secondary","lanes":"2","maxspeed":"40","maxspeed:type":"sign","name":"河南中路","name:en":"Middle Henan Road","name:zh":"河南中路","name:zh-Hans":"河南中路","name:zh-Hant":"河南中路","oneway":"yes","surface":"asphalt"},"geometry":{"type":"LineString","coordinates":[[121.4792097,31.2423947],[121.479677,31.2412082],[121.4799417,31.2405239]]}},{"type":"Feature","id":987438294,"properties":{"osmId":987438294,"highway":"tertiary","lanes":"2","name":"福建中路","name:en":"Middle Fujian Road","name:zh":"福建中路","name:zh-Hans":"福建中路","name:zh-Hant":"福建中路","oneway":"no","trolley_wire":"yes"},"geometry":{"type":"LineString","coordinates":[[121.4779807,31.2343133],[121.4779088,31.2344438],[121.4773647,31.2354774],[121.477308,31.2355839]]}},{"type":"Feature","id":987438295,"properties":{"osmId":987438295,"cycleway":"opposite_lane","highway":"tertiary","lanes":"1","name":"广东路","name:en":"Guangdong Road","name:etymology:wikidata":"Q15175","oneway":"yes","trolley_wire":"yes"},"geometry":{"type":"LineString","coordinates":[[121.4775413,31.2342789],[121.4777095,31.2343035],[121.4778506,31.2343198],[121.4779807,31.2343133]]}},{"type":"Feature","id":987438296,"properties":{"osmId":987438296,"cycleway":"opposite_lane","highway":"tertiary","lanes":"1","name":"广东路","name:en":"Guangdong Road","name:etymology:wikidata":"Q15175","oneway":"yes","surface":"asphalt","trolley_wire":"yes"},"geometry":{"type":"LineString","coordinates":[[121.4768922,31.2341287],[121.4771131,31.2341883],[121.4775413,31.2342789]]}},{"type":"Feature","id":1004590753,"properties":{"osmId":1004590753,"highway":"secondary","name":"曲阜西路","name:en":"West Qufu Road","name:zh":"曲阜西路","oneway":"yes"},"geometry":{"type":"LineString","coordinates":[[121.4639131,31.2437598],[121.464721,31.2439149],[121.4654677,31.2440123]]}},{"type":"Feature","id":1004590754,"properties":{"osmId":1004590754,"highway":"secondary","lit":"yes","name":"曲阜路","name:en":"Qufu Road","name:zh":"曲阜路","oneway":"yes","trolley_wire":"yes"},"geometry":{"type":"LineString","coordinates":[[121.4670635,31.2441827],[121.467279,31.2442081],[121.4674568,31.244229],[121.4679798,31.2442959],[121.4684599,31.2443666],[121.4694658,31.2445753],[121.4700882,31.2446783],[121.4702839,31.2447106],[121.4716856,31.2449828]]}},{"type":"Feature","id":1004590755,"properties":{"osmId":1004590755,"highway":"secondary","name":"天潼路","name:en":"Tiantong Road","name:zh":"天潼路","oneway":"yes"},"geometry":{"type":"LineString","coordinates":[[121.4716856,31.2449828],[121.4724118,31.2451039],[121.4725795,31.2451319],[121.4727464,31.2451484],[121.4736712,31.2452396],[121.4740219,31.2452729],[121.4748326,31.2453497],[121.4755058,31.2454139],[121.4757444,31.2454359]]}},{"type":"Feature","id":1031914477,"properties":{"osmId":1031914477,"highway":"service"},"geometry":{"type":"LineString","coordinates":[[121.4734172,31.2348781],[121.4727357,31.2346397]]}},{"type":"Feature","id":1063262295,"properties":{"osmId":1063262295,"highway":"tertiary","name":"浙江北路","name:en":"North Zhejiang Road","trolley_wire":"yes"},"geometry":{"type":"LineString","coordinates":[[121.4716856,31.2449828],[121.4716649,31.2451032]]}},{"type":"Feature","id":1064340564,"properties":{"osmId":1064340564,"bicycle":"no","highway":"secondary","lanes":"2","name":"新闸路","name:en":"Xinzha Road","name:zh":"新闸路","name:zh-Hans":"新闸路","name:zh-Hant":"新閘路","name:zh-Latn-pinyin":"Xīnzhá Lù","surface":"asphalt","trolley_wire":"yes"},"geometry":{"type":"LineString","coordinates":[[121.4688898,31.2397417],[121.4690652,31.2397037]]}},{"type":"Feature","id":1064340565,"properties":{"osmId":1064340565,"bicycle":"no","highway":"secondary","lit":"yes","name":"西藏中路","name:en":"Middle Xizang Road","oneway":"yes","surface":"asphalt","trolley_wire":"yes","wikidata":"Q6705140"},"geometry":{"type":"LineString","coordinates":[[121.468036,31.2415866],[121.4682309,31.241315],[121.4685247,31.2405692],[121.4686647,31.2402156],[121.4688898,31.2397417]]}},{"type":"Feature","id":1064340568,"properties":{"osmId":1064340568,"highway":"secondary","name":"曲阜路","name:en":"Qufu Road","name:zh":"曲阜路","oneway":"yes"},"geometry":{"type":"LineString","coordinates":[[121.4669184,31.2441655],[121.4670635,31.2441827]]}},{"type":"Feature","id":1064340569,"properties":{"osmId":1064340569,"highway":"secondary","lit":"yes","name":"西藏北路","name:en":"North Xizang Road","oneway":"yes","trolley_wire":"yes"},"geometry":{"type":"LineString","coordinates":[[121.4674043,31.2426618],[121.4671594,31.2434778],[121.4671359,31.2436312],[121.4670963,31.2439382],[121.4670904,31.2439825],[121.4670635,31.2441827]]}},{"type":"Feature","id":1064340570,"properties":{"osmId":1064340570,"bicycle":"no","highway":"secondary","name":"西藏中路","name:en":"Middle Xizang Road","oneway":"yes","trolley_wire":"yes"},"geometry":{"type":"LineString","coordinates":[[121.4690652,31.2397037],[121.4689744,31.2399115],[121.468751,31.2404105]]}},{"type":"Feature","id":1064398286,"properties":{"osmId":1064398286,"bicycle":"no","highway":"secondary","name":"北京东路","name:en":"East Beijing Road","old_name":"北京路","old_name:en":"Peking Road","wikidata":"Q10902006"},"geometry":{"type":"LineString","coordinates":[[121.4793103,31.2424111],[121.4795312,31.242432],[121.4799875,31.2424622],[121.4804193,31.242492],[121.4810619,31.2425488]]}},{"type":"Feature","id":1064398287,"properties":{"osmId":1064398287,"highway":"residential","lanes":"1","name":"江西中路","name:en":"Middle Jiangxi Road","name:zh":"江西中路","name:zh-Hans":"江西中路","name:zh-Hant":"江西中路","oneway":"yes","sidewalk":"both","surface":"asphalt"},"geometry":{"type":"LineString","coordinates":[[121.4838166,31.2338376],[121.483747,31.2339867],[121.4836765,31.2342047],[121.4836329,31.2343677],[121.4835906,31.234517],[121.4835449,31.2346728],[121.4835027,31.2348148],[121.4833563,31.2352951],[121.4832596,31.2356054],[121.4831093,31.2360935],[121.483003,31.2364542],[121.4828464,31.2370092]]}},{"type":"Feature","id":1064398288,"properties":{"osmId":1064398288,"cycleway:both":"no","highway":"residential","lanes":"2","name":"汉口路","name:en":"Hankou Road","name:zh":"汉口路","name:zh-Hans":"汉口路","name:zh-Hant":"漢口路","oneway:bicycle":"no","surface":"asphalt"},"geometry":{"type":"LineString","coordinates":[[121.4809423,31.2378796],[121.4817309,31.2380522]]}},{"type":"Feature","id":1064398289,"properties":{"osmId":1064398289,"cycleway:both":"no","highway":"residential","lane_markings":"no","name":"汉口路","name:en":"Hankou Road","name:zh":"汉口路","name:zh-Hans":"汉口路","name:zh-Hant":"漢口路","oneway":"yes","oneway:bicycle":"no","surface":"asphalt"},"geometry":{"type":"LineString","coordinates":[[121.4765782,31.2365231],[121.4776937,31.2369236],[121.478178,31.2370943],[121.4785937,31.2372416],[121.4786958,31.2372763],[121.4798505,31.2376388],[121.4801479,31.2377119],[121.4808319,31.2378564]]}},{"type":"Feature","id":1064398290,"properties":{"osmId":1064398290,"bicycle":"no","highway":"secondary","lanes":"2","name":"河南中路","oneway":"yes"},"geometry":{"type":"LineString","coordinates":[[121.4809423,31.2378796],[121.4808056,31.2383481],[121.4807932,31.2383905],[121.4807592,31.2385071],[121.4807239,31.2386065]]}},{"type":"Feature","id":1064398307,"properties":{"osmId":1064398307,"cycleway":"lane","highway":"secondary","lanes":"2","name":"河南南路","name:en":"South Henan Road","name:zh":"河南南路","name:zh-Hans":"河南南路","name:zh-Hant":"河南南路","oneway":"yes","source":"interpolation"},"geometry":{"type":"LineString","coordinates":[[121.4827593,31.2309982],[121.4827189,31.2312147],[121.4825373,31.2320954],[121.4824302,31.2325802],[121.4823711,31.2328267]]}},{"type":"Feature","id":1064398308,"properties":{"osmId":1064398308,"cycleway:right":"lane","highway":"secondary","name":"人民路","name:en":"Renmin Road","name:zh":"人民路","name:zh-Hans":"人民路","name:zh-Hant":"人民路","name:zh-Latn-pinyin":"Rénmín Lù","oneway":"yes","surface":"asphalt"},"geometry":{"type":"LineString","coordinates":[[121.4829919,31.2308533],[121.483547,31.2310081],[121.4847231,31.2312398],[121.4853682,31.2313177],[121.4859993,31.2313567],[121.4862999,31.2314635]]}},{"type":"Feature","id":1064476623,"properties":{"osmId":1064476623,"cycleway:right":"lane","highway":"secondary","name":"西藏南路","name:en":"South Xizang Road","oneway":"yes","source":"interpolation"},"geometry":{"type":"LineString","coordinates":[[121.4737537,31.2306891],[121.4737617,31.2306706]]}},{"type":"Feature","id":1064476624,"properties":{"osmId":1064476624,"busway:left":"lane","highway":"primary","lanes":"3","name":"延安东路","name:en":"East Yan'an Road","name:zh":"延安东路","name:zh-Hans":"延安东路","name:zh-Hant":"延安東路","name:zh-Latn-pinyin":"Yán'ān Dōnglù","oneway":"yes","surface":"asphalt"},"geometry":{"type":"LineString","coordinates":[[121.4738598,31.2307215],[121.4737617,31.2306706]]}},{"type":"Feature","id":1064476625,"properties":{"osmId":1064476625,"busway:left":"lane","highway":"primary","name":"延安东路","name:en":"East Yan'an Road","name:zh":"延安东路","name:zh-Hans":"延安东路","name:zh-Hant":"延安東路","name:zh-Latn-pinyin":"Yán'ān Dōnglù","oneway":"yes"},"geometry":{"type":"LineString","coordinates":[[121.4820694,31.2331723],[121.4820032,31.2332042],[121.4819324,31.2332258],[121.4818616,31.2332441],[121.4813103,31.2333362],[121.4810716,31.2333685],[121.4806264,31.2333986],[121.4804618,31.2333896],[121.4802557,31.2333679],[121.4799648,31.2333321],[121.4796431,31.2332765],[121.4793617,31.2332241],[121.4791405,31.2331728]]}},{"type":"Feature","id":1064799812,"properties":{"osmId":1064799812,"highway":"secondary","name":"河南北路","name:en":"North Henan Road","oneway":"yes","trolley_wire":"yes"},"geometry":{"type":"LineString","coordinates":[[121.4782924,31.2443736],[121.4782381,31.2444937],[121.478184,31.2446322],[121.4781308,31.2447785],[121.4780807,31.2449407],[121.4779821,31.2452652],[121.4778957,31.2456059],[121.4778799,31.2456849],[121.4778709,31.2457559]]}},{"type":"Feature","id":1064804956,"properties":{"osmId":1064804956,"bicycle":"no","highway":"secondary","name":"北京东路","name:en":"East Beijing Road","old_name":"北京路","old_name:en":"Peking Road","trolley_wire":"yes","wikidata":"Q10902006"},"geometry":{"type":"LineString","coordinates":[[121.4736606,31.2408396],[121.4739633,31.2409166],[121.4743302,31.2410114],[121.4745167,31.2410634],[121.4745864,31.2410872]]}},{"type":"Feature","id":1064804957,"properties":{"osmId":1064804957,"highway":"secondary_link","oneway":"yes","trolley_wire":"yes"},"geometry":{"type":"LineString","coordinates":[[121.4745864,31.2410872],[121.4745062,31.2410947],[121.4738184,31.2409212],[121.4737393,31.2408959],[121.4736843,31.2408615],[121.4736606,31.2408396]]}},{"type":"Feature","id":1064853445,"properties":{"osmId":1064853445,"bicycle":"no","highway":"secondary","lanes":"1","name":"九江路","name:en":"Jiujiang Road","name:zh":"九江路","name:zh-Hans":"九江路","name:zh-Hant":"九江路","source":"Bing","surface":"asphalt","trolley_wire":"yes"},"geometry":{"type":"LineString","coordinates":[[121.4678266,31.2352974],[121.4676215,31.2352678]]}},{"type":"Feature","id":1064853450,"properties":{"osmId":1064853450,"highway":"residential","lanes":"1","name":"江西中路","name:en":"Middle Jiangxi Road","name:zh":"江西中路","name:zh-Hans":"江西中路","name:zh-Hant":"江西中路","oneway":"no"},"geometry":{"type":"LineString","coordinates":[[121.4828464,31.2370092],[121.4825188,31.2381177],[121.4825058,31.2382261]]}},{"type":"Feature","id":1064853451,"properties":{"osmId":1064853451,"cycleway":"lane","highway":"tertiary","lanes":"1","name":"九江路","name:en":"Jiujiang Road","name:zh":"九江路","name:zh-Hans":"九江路","name:zh-Hant":"九江路","trolley_wire":"yes"},"geometry":{"type":"LineString","coordinates":[[121.4824081,31.2390423],[121.4821228,31.2389709],[121.4818763,31.2389077],[121.481422,31.2387913],[121.4808345,31.2386332],[121.4807239,31.2386065]]}},{"type":"Feature","id":1064853452,"properties":{"osmId":1064853452,"bicycle":"no","highway":"secondary","name":"南京西路","name:en":"West Nanjing Road","name:zh":"南京西路","name:zh-Hans":"南京西路","name:zh-Hant":"南京西路","oneway":"yes"},"geometry":{"type":"LineString","coordinates":[[121.4672458,31.2351075],[121.4673329,31.2352293]]}},{"type":"Feature","id":1064853459,"properties":{"osmId":1064853459,"addr:city":"上海市","highway":"residential","name":"四川中路","name:en":"Middle Sichuan Road","name:zh":"四川中路","name:zh-Hans":"四川中路","name:zh-Hant":"四川中路","trolley_wire":"yes"},"geometry":{"type":"LineString","coordinates":[[121.484024,31.238562],[121.4839424,31.2388416],[121.483859,31.2391],[121.4837537,31.2393945]]}},{"type":"Feature","id":1064853460,"properties":{"osmId":1064853460,"cycleway:both":"no","highway":"residential","name":"汉口路","name:en":"Hankou Road","name:zh":"汉口路","name:zh-Hans":"汉口路","name:zh-Hant":"漢口路","oneway":"yes","oneway:bicycle":"no","trolley_wire":"yes"},"geometry":{"type":"LineString","coordinates":[[121.4834939,31.2384481],[121.484024,31.238562]]}},{"type":"Feature","id":1064853461,"properties":{"osmId":1064853461,"cycleway:both":"no","highway":"residential","name":"汉口路","name:en":"Hankou Road","name:zh":"汉口路","name:zh-Hans":"汉口路","name:zh-Hant":"漢口路","oneway":"yes","oneway:bicycle":"no","trolley_wire":"yes"},"geometry":{"type":"LineString","coordinates":[[121.4825058,31.2382261],[121.4830463,31.2383476],[121.4834939,31.2384481]]}},{"type":"Feature","id":1067852461,"properties":{"osmId":1067852461,"cycleway:right":"lane","highway":"secondary","name":"西藏南路","name:en":"South Xizang Road","oneway":"yes","source":"interpolation"},"geometry":{"type":"LineString","coordinates":[[121.4737617,31.2306706],[121.473888,31.2304434]]}},{"type":"Feature","id":1068434204,"properties":{"osmId":1068434204,"cycleway":"lane","highway":"primary","lanes":"4","name":"重庆中路","name:en":"Middle Chongqing Road","name:zh":"重庆中路","oneway":"yes","surface":"asphalt"},"geometry":{"type":"LineString","coordinates":[[121.466211,31.2248951],[121.4661622,31.224953],[121.4660299,31.2250897]]}},{"type":"Feature","id":1068434206,"properties":{"osmId":1068434206,"cycleway":"lane","cycleway:right":"lane","highway":"primary","lanes":"2","maxspeed":"40","maxspeed:type":"sign","name":"重庆中路","name:en":"Middle Chongqing Road","name:zh":"重庆中路","oneway":"yes","surface":"asphalt"},"geometry":{"type":"LineString","coordinates":[[121.466437,31.2248669],[121.4663538,31.2249541],[121.4661379,31.2251811]]}},{"type":"Feature","id":1068434236,"properties":{"osmId":1068434236,"bicycle":"no","foot":"no","highway":"primary","lanes":"4","name":"重庆中路","name:en":"Middle Chongqing Road","name:zh":"重庆中路","oneway":"yes","surface":"asphalt"},"geometry":{"type":"LineString","coordinates":[[121.4650727,31.2257917],[121.4656805,31.2252373],[121.4659041,31.2249882]]}},{"type":"Feature","id":1068434258,"properties":{"osmId":1068434258,"highway":"primary","lanes":"3","name":"重庆中路","name:en":"Middle Chongqing Road","name:zh":"重庆中路","oneway":"yes"},"geometry":{"type":"LineString","coordinates":[[121.4653134,31.2258098],[121.4649003,31.2261688]]}},{"type":"Feature","id":1068447133,"properties":{"osmId":1068447133,"bicycle":"no","highway":"secondary","lanes":"1","lit":"yes","name":"九江路","name:en":"Jiujiang Road","name:zh":"九江路","name:zh-Hans":"九江路","name:zh-Hant":"九江路","source":"Bing","trolley_wire":"yes","wikidata":"Q15924655","wikipedia":"zh:九江路 (上海)"},"geometry":{"type":"LineString","coordinates":[[121.4750563,31.2367491],[121.474286,31.2365514],[121.4738935,31.2364584],[121.4735192,31.2363642],[121.4728937,31.2362148],[121.4722735,31.2360664],[121.4719348,31.2359912],[121.4707471,31.2357268],[121.4705,31.2356837]]}},{"type":"Feature","id":1068447134,"properties":{"osmId":1068447134,"cycleway":"opposite_track","highway":"tertiary","lit":"yes","name":"浙江中路","name:en":"Middle Zhejiang Road","name:zh":"浙江中路","name:zh-Hans":"浙江中路","name:zh-Hant":"浙江中路","oneway":"yes","surface":"asphalt","trolley_wire":"yes","wikidata":"Q11148486","wikipedia":"zh:浙江中路"},"geometry":{"type":"LineString","coordinates":[[121.4733272,31.238251],[121.4735111,31.2379421],[121.4736224,31.2377266],[121.4736786,31.2376538],[121.4737363,31.2375935],[121.4739303,31.2374602]]}},{"type":"Feature","id":1068447147,"properties":{"osmId":1068447147,"bicycle":"no","highway":"secondary","lanes":"2","name":"河南中路","name:en":"Middle Henan Road","name:zh":"河南中路","name:zh-Hans":"河南中路","name:zh-Hant":"河南中路","oneway":"yes"},"geometry":{"type":"LineString","coordinates":[[121.4807239,31.2386065],[121.4806913,31.2387257],[121.4805972,31.2390698],[121.4805518,31.2392356],[121.4805034,31.2393992],[121.4804478,31.2395855]]}},{"type":"Feature","id":1068916335,"properties":{"osmId":1068916335,"cycleway":"lane","highway":"tertiary","lit":"yes","maxspeed:type":"CN-SH:urban","name":"龙门路","name:en":"Longmen Road","surface":"asphalt"},"geometry":{"type":"LineString","coordinates":[[121.4740786,31.2275275],[121.474155,31.2270046],[121.474193,31.2269033]]}},{"type":"Feature","id":1068916336,"properties":{"osmId":1068916336,"cycleway":"track","highway":"tertiary","name":"金陵中路","name:en":"Middle Jinling Road","trolley_wire":"yes"},"geometry":{"type":"LineString","coordinates":[[121.4751662,31.228508],[121.4750788,31.228472],[121.4747362,31.2283317]]}},{"type":"Feature","id":1068916337,"properties":{"osmId":1068916337,"cycleway":"track","highway":"tertiary","name":"金陵中路","name:en":"Middle Jinling Road","trolley_wire":"yes"},"geometry":{"type":"LineString","coordinates":[[121.475223,31.228531],[121.4751662,31.228508]]}},{"type":"Feature","id":1068916338,"properties":{"osmId":1068916338,"cycleway":"lane","highway":"tertiary","lanes":"2","name":"黄陂南路","name:en":"South Huangpi Road","name:zh":"黄陂南路","name:zh-Hans":"黄陂南路","name:zh-Hant":"黃陂南路","surface":"asphalt"},"geometry":{"type":"LineString","coordinates":[[121.4693806,31.226203],[121.4694536,31.2260483],[121.4696963,31.2255477],[121.469833,31.225219],[121.4698784,31.2251274]]}},{"type":"Feature","id":1068916339,"properties":{"osmId":1068916339,"bicycle":"no","highway":"secondary","lanes":"2","name":"淮海中路","name:en":"Middle Huaihai Road","name:zh":"淮海中路","name:zh-Hans":"淮海中路","name:zh-Hant":"淮海中路","name:zh-Latn-pinyin":"Huáihǎi Zhōnglù","source":"interpolation","source:bicycle":"local knowledge","surface":"asphalt"},"geometry":{"type":"LineString","coordinates":[[121.4687791,31.2246743],[121.4688543,31.2247053],[121.4697571,31.2250774],[121.4698784,31.2251274]]}},{"type":"Feature","id":1068995699,"properties":{"osmId":1068995699,"highway":"service","name":"河南中路166弄","name:zh":"河南中路166弄","name:zh-Hans":"河南中路166弄","name:zh-Hant":"河南中路166弄"},"geometry":{"type":"LineString","coordinates":[[121.4817081,31.2361614],[121.4818302,31.2357265],[121.4818693,31.2355875]]}},{"type":"Feature","id":1068995700,"properties":{"osmId":1068995700,"highway":"service"},"geometry":{"type":"LineString","coordinates":[[121.4821271,31.2359077],[121.4822095,31.2356378],[121.4822821,31.2354021]]}},{"type":"Feature","id":1068995702,"properties":{"osmId":1068995702,"highway":"service","name":"河南中路166弄"},"geometry":{"type":"LineString","coordinates":[[121.4815895,31.2356928],[121.4816675,31.2357023],[121.4817982,31.2357221],[121.4818302,31.2357265]]}},{"type":"Feature","id":1068995705,"properties":{"osmId":1068995705,"highway":"service"},"geometry":{"type":"LineString","coordinates":[[121.4822095,31.2356378],[121.4828298,31.2357719]]}},{"type":"Feature","id":1068995706,"properties":{"osmId":1068995706,"highway":"service"},"geometry":{"type":"LineString","coordinates":[[121.4822276,31.2363288],[121.4823293,31.2359454]]}},{"type":"Feature","id":1068995707,"properties":{"osmId":1068995707,"highway":"service"},"geometry":{"type":"LineString","coordinates":[[121.4824159,31.2363252],[121.4825292,31.2359831]]}},{"type":"Feature","id":1068995708,"properties":{"osmId":1068995708,"highway":"service"},"geometry":{"type":"LineString","coordinates":[[121.482637,31.2363735],[121.4827511,31.2360258],[121.4828298,31.2357719],[121.4829056,31.2355318]]}},{"type":"Feature","id":1074409232,"properties":{"osmId":1074409232,"bicycle":"no","highway":"secondary","lit":"yes","name":"西藏中路","name:en":"Middle Xizang Road","name:etymology:wikidata":"Q17269","oneway":"yes","surface":"asphalt","wikidata":"Q6705140"},"geometry":{"type":"LineString","coordinates":[[121.4726724,31.2322166],[121.4729132,31.2318928],[121.4734087,31.231193],[121.4734807,31.2310905],[121.4737537,31.2306891]]}},{"type":"Feature","id":1074409255,"properties":{"osmId":1074409255,"bicycle":"no","highway":"secondary","lit":"yes","name":"西藏中路","name:en":"Middle Xizang Road","name:etymology:wikidata":"Q17269","oneway":"yes"},"geometry":{"type":"LineString","coordinates":[[121.4738598,31.2307215],[121.4737433,31.2309129],[121.4735573,31.2312184],[121.4729708,31.2320605],[121.4727588,31.2323499],[121.4727022,31.2324192],[121.4725391,31.2326452],[121.4722975,31.2329801],[121.4721702,31.2331588],[121.4720963,31.2332625]]}},{"type":"Feature","id":1074409256,"properties":{"osmId":1074409256,"cycleway":"lane","highway":"tertiary","lanes":"2","name":"黄陂北路","name:en":"North Huangpi Road","name:zh":"黄陂北路","name:zh-Hans":"黄陂北路","name:zh-Hant":"黃陂北路"},"geometry":{"type":"LineString","coordinates":[[121.4670613,31.2301254],[121.467019,31.230188],[121.4669745,31.2302578],[121.4669532,31.2302906],[121.4668043,31.2305194]]}},{"type":"Feature","id":1074771160,"properties":{"osmId":1074771160,"cycleway":"lane","highway":"tertiary","lanes":"2","name":"黄陂北路","name:en":"North Huangpi Road","name:zh":"黄陂北路","name:zh-Hans":"黄陂北路","name:zh-Hant":"黃陂北路"},"geometry":{"type":"LineString","coordinates":[[121.4671258,31.2300343],[121.4670613,31.2301254]]}},{"type":"Feature","id":1074771161,"properties":{"osmId":1074771161,"bicycle":"no","highway":"tertiary","lanes":"3","name":"人民大道","name:en":"People's Avenue","oneway":"yes","surface":"asphalt"},"geometry":{"type":"LineString","coordinates":[[121.4720236,31.2333736],[121.471899,31.2333002]]}},{"type":"Feature","id":1074771162,"properties":{"osmId":1074771162,"bicycle":"no","highway":"secondary","name":"西藏中路","name:en":"Middle Xizang Road","name:etymology:wikidata":"Q17269","oneway":"yes","surface":"asphalt","wikidata":"Q6705140"},"geometry":{"type":"LineString","coordinates":[[121.4717731,31.2335063],[121.4718337,31.2334071],[121.471899,31.2333002]]}},{"type":"Feature","id":1074771163,"properties":{"osmId":1074771163,"bicycle":"no","highway":"secondary","name":"西藏中路","name:en":"Middle Xizang Road","name:etymology:wikidata":"Q17269","oneway":"yes","surface":"asphalt","wikidata":"Q6705140"},"geometry":{"type":"LineString","coordinates":[[121.4719742,31.2331912],[121.4720414,31.2331003],[121.4723425,31.2326714]]}},{"type":"Feature","id":1074771164,"properties":{"osmId":1074771164,"bicycle":"no","highway":"tertiary","lanes":"2","name":"福州路","name:en":"Fuzhou Road","name:zh":"福州路","name:zh-Hans":"福州路","name:zh-Hant":"福州路","oneway":"yes"},"geometry":{"type":"LineString","coordinates":[[121.4811841,31.2366656],[121.4808295,31.2365695],[121.4806751,31.2365321],[121.4800443,31.2363639],[121.4791259,31.2361156],[121.4783592,31.2359038],[121.4779521,31.2357894],[121.4776729,31.2357056],[121.4774283,31.235628],[121.477308,31.2355839]]}},{"type":"Feature","id":1074771165,"properties":{"osmId":1074771165,"bicycle":"no","highway":"secondary","lanes":"2","name":"河南中路","name:en":"Middle Henan Road","name:zh":"河南中路","name:zh-Hans":"河南中路","name:zh-Hant":"河南中路","oneway":"yes"},"geometry":{"type":"LineString","coordinates":[[121.4808319,31.2378564],[121.4809243,31.2375337],[121.4810497,31.2370959],[121.4811429,31.2368047],[121.4811841,31.2366656]]}},{"type":"Feature","id":1074771166,"properties":{"osmId":1074771166,"cycleway:both":"no","highway":"residential","lane_markings":"no","name":"汉口路","name:en":"Hankou Road","name:zh":"汉口路","name:zh-Hans":"汉口路","name:zh-Hant":"漢口路","oneway:bicycle":"no","surface":"asphalt"},"geometry":{"type":"LineString","coordinates":[[121.4808319,31.2378564],[121.4809423,31.2378796]]}},{"type":"Feature","id":1074771168,"properties":{"osmId":1074771168,"bicycle":"no","highway":"secondary","lanes":"1","name":"九江路","name:en":"Jiujiang Road","source":"Bing","trolley_wire":"yes","wikidata":"Q15924655"},"geometry":{"type":"LineString","coordinates":[[121.4705,31.2356837],[121.4703843,31.2356662]]}},{"type":"Feature","id":1074771169,"properties":{"osmId":1074771169,"bicycle":"no","highway":"secondary","lit":"yes","name":"西藏中路","name:en":"Middle Xizang Road","name:zh":"西藏中路","name:zh-Hans":"西藏中路","name:zh-Hant":"西藏中路","oneway":"yes"},"geometry":{"type":"LineString","coordinates":[[121.4705,31.2356837],[121.4704269,31.2358328],[121.4702412,31.2362112],[121.4700354,31.2366439],[121.4698057,31.2372678],[121.4695589,31.2380083],[121.4694698,31.2382944],[121.4693418,31.2387494],[121.4690652,31.2397037]]}},{"type":"Feature","id":1075505400,"properties":{"osmId":1075505400,"highway":"tertiary","name":"武胜路","name:en":"Wusheng Road","name:zh":"武胜路","name:zh-Hans":"武胜路","name:zh-Hant":"武勝路","oneway":"yes","surface":"paving_stones"},"geometry":{"type":"LineString","coordinates":[[121.4726724,31.2322166],[121.4727026,31.2321216],[121.4727053,31.2320482],[121.4726914,31.2319201],[121.4726806,31.2317258],[121.4726607,31.231458],[121.4726538,31.2313657],[121.4726302,31.231195],[121.4726087,31.2311216],[121.4725725,31.2309942]]}},{"type":"Feature","id":1077697458,"properties":{"osmId":1077697458,"highway":"secondary","lit":"yes","name":"曲阜西路","name:en":"West Qufu Road","name:zh":"曲阜西路","oneway":"yes"},"geometry":{"type":"LineString","coordinates":[[121.4654677,31.2440123],[121.4655854,31.2440239],[121.4662868,31.2440927]]}},{"type":"Feature","id":1077697459,"properties":{"osmId":1077697459,"highway":"residential","name":"晋元路","name:en":"Jinyuan Road"},"geometry":{"type":"LineString","coordinates":[[121.4657723,31.2415634],[121.4657713,31.2416934],[121.4657656,31.2424113],[121.465765,31.2424829],[121.4657631,31.2425476],[121.4657563,31.2426067],[121.4656563,31.2431693],[121.4654963,31.2438854],[121.4654904,31.2439116],[121.4654677,31.2440123]]}},{"type":"Feature","id":1077697577,"properties":{"osmId":1077697577,"highway":"secondary","name":"曲阜西路","name:en":"West Qufu Road","name:zh":"曲阜西路","oneway":"yes"},"geometry":{"type":"LineString","coordinates":[[121.4662868,31.2440927],[121.4667438,31.2441471],[121.4669184,31.2441655]]}},{"type":"Feature","id":1085107696,"properties":{"osmId":1085107696,"cycleway":"lane","highway":"secondary","lanes":"2","name":"河南南路","name:en":"South Henan Road","name:zh":"河南南路","name:zh-Hans":"河南南路","name:zh-Hant":"河南南路","oneway":"yes","source":"interpolation"},"geometry":{"type":"LineString","coordinates":[[121.4828041,31.2307884],[121.4827593,31.2309982]]}},{"type":"Feature","id":1085107731,"properties":{"osmId":1085107731,"cycleway:right":"lane","highway":"secondary","name":"人民路","name:en":"Renmin Road","name:zh":"人民路","name:zh-Hans":"人民路","name:zh-Hant":"人民路","name:zh-Latn-pinyin":"Rénmín Lù","oneway":"yes","surface":"asphalt"},"geometry":{"type":"LineString","coordinates":[[121.4862999,31.2314635],[121.4858428,31.2315164],[121.4855144,31.2315402],[121.4850774,31.2315561],[121.4846268,31.2314981],[121.484229,31.2314369],[121.4838033,31.2313366],[121.483284,31.231208],[121.4830051,31.2311274],[121.4827593,31.2309982]]}},{"type":"Feature","id":1085107741,"properties":{"osmId":1085107741,"cycleway:right":"lane","highway":"secondary","name":"人民路","name:en":"Renmin Road","name:zh":"人民路","name:zh-Hans":"人民路","name:zh-Hant":"人民路","name:zh-Latn-pinyin":"Rénmín Lù","oneway":"yes"},"geometry":{"type":"LineString","coordinates":[[121.4826683,31.2307414],[121.4828041,31.2307884]]}},{"type":"Feature","id":1085107742,"properties":{"osmId":1085107742,"cycleway":"lane","highway":"secondary","lanes":"2","name":"河南南路","name:en":"South Henan Road","name:zh":"河南南路","name:zh-Hans":"河南南路","name:zh-Hant":"河南南路","oneway":"yes","source":"interpolation"},"geometry":{"type":"LineString","coordinates":[[121.4826683,31.2307414],[121.4827094,31.2305169],[121.4828517,31.2298945],[121.4828831,31.229704]]}},{"type":"Feature","id":1085107743,"properties":{"osmId":1085107743,"busway:left":"lane","highway":"primary","lanes":"4","name":"延安东路","name:en":"East Yan'an Road","name:zh":"延安东路","name:zh-Hans":"延安东路","name:zh-Hant":"延安東路","name:zh-Latn-pinyin":"Yán'ān Dōnglù","oneway":"yes","surface":"asphalt"},"geometry":{"type":"LineString","coordinates":[[121.4823711,31.2328267],[121.4825308,31.2328262],[121.4826745,31.2328401]]}},{"type":"Feature","id":1100626087,"properties":{"osmId":1100626087,"busway:left":"lane","highway":"primary","lanes":"3","name":"延安东路","name:en":"East Yan'an Road","name:zh":"延安东路","name:zh-Hans":"延安东路","name:zh-Hant":"延安東路","name:zh-Latn-pinyin":"Yán'ān Dōnglù","oneway":"yes","surface":"asphalt"},"geometry":{"type":"LineString","coordinates":[[121.4688157,31.2280638],[121.4686119,31.2279786]]}},{"type":"Feature","id":1100626088,"properties":{"osmId":1100626088,"highway":"residential","name":"武胜路","name:en":"Wusheng Road","name:zh":"武胜路","name:zh-Hans":"武胜路","name:zh-Hant":"武勝路","surface":"asphalt"},"geometry":{"type":"LineString","coordinates":[[121.4701197,31.2291995],[121.4699654,31.2291911]]}},{"type":"Feature","id":1100626100,"properties":{"osmId":1100626100,"busway:left":"lane","highway":"primary","name":"延安东路","name:en":"East Yan'an Road","name:zh":"延安东路","name:zh-Hans":"延安东路","name:zh-Hant":"延安東路","name:zh-Latn-pinyin":"Yán'ān Dōnglù","oneway":"yes"},"geometry":{"type":"LineString","coordinates":[[121.4822933,31.2330403],[121.48215,31.2331163],[121.4820694,31.2331723]]}},{"type":"Feature","id":1100626101,"properties":{"osmId":1100626101,"busway:left":"lane","highway":"primary","name":"延安东路","name:en":"East Yan'an Road","name:zh":"延安东路","name:zh-Hans":"延安东路","name:zh-Hant":"延安東路","name:zh-Latn-pinyin":"Yán'ān Dōnglù","oneway":"yes"},"geometry":{"type":"LineString","coordinates":[[121.4832045,31.2333643],[121.4830432,31.2332027],[121.4829196,31.2330969],[121.482814,31.2330328],[121.4827,31.2330017],[121.4825706,31.2329914],[121.4824493,31.2330002],[121.4822933,31.2330403]]}},{"type":"Feature","id":1100626102,"properties":{"osmId":1100626102,"busway:left":"lane","highway":"primary","lanes":"4","name":"延安东路","name:en":"East Yan'an Road","name:zh":"延安东路","name:zh-Hans":"延安东路","name:zh-Hant":"延安東路","name:zh-Latn-pinyin":"Yán'ān Dōnglù","oneway":"yes","surface":"asphalt"},"geometry":{"type":"LineString","coordinates":[[121.4826745,31.2328401],[121.4827626,31.2328445],[121.4828465,31.2328542]]}},{"type":"Feature","id":1100626103,"properties":{"osmId":1100626103,"busway:left":"lane","highway":"primary","lanes":"4","name":"延安东路","name:en":"East Yan'an Road","name:zh":"延安东路","name:zh-Hans":"延安东路","name:zh-Hant":"延安東路","name:zh-Latn-pinyin":"Yán'ān Dōnglù","oneway":"yes","surface":"asphalt"},"geometry":{"type":"LineString","coordinates":[[121.4761637,31.2316136],[121.4763021,31.2316776],[121.4771596,31.2321075],[121.4772818,31.2321639],[121.4775508,31.2322976],[121.4780915,31.2325009],[121.4784263,31.2326195],[121.4785156,31.2326511],[121.4788296,31.2327457]]}},{"type":"Feature","id":1117667176,"properties":{"osmId":1117667176,"bicycle":"yes","cycleway":"lane","highway":"tertiary","lanes":"1","name":"金陵东路","name:en":"East Jinling Road","name:zh":"金陵东路","name:zh-Hans":"金陵东路","name:zh-Hant":"金陵東路","name:zh-Latn-pinyin":"Jīnlíng Dōnglù","source":"interpolation","surface":"concrete"},"geometry":{"type":"LineString","coordinates":[[121.4842211,31.2326737],[121.483576,31.2324547],[121.4835009,31.2324284],[121.4830001,31.2322534],[121.4825373,31.2320954],[121.4824026,31.2320524]]}},{"type":"Feature","id":1117667177,"properties":{"osmId":1117667177,"highway":"residential","name":"山东南路","name:en":"South Shandong Road","name:zh":"山东南路","name:zh-Hans":"山东南路","name:zh-Hant":"山東南路"},"geometry":{"type":"LineString","coordinates":[[121.4811718,31.2316117],[121.4812092,31.2315402],[121.481522,31.2307472]]}},{"type":"Feature","id":1117667492,"properties":{"osmId":1117667492,"highway":"service"},"geometry":{"type":"LineString","coordinates":[[121.4795258,31.2303645],[121.4794538,31.2304839]]}},{"type":"Feature","id":1123874577,"properties":{"osmId":1123874577,"bicycle":"no","foot":"no","highway":"secondary","layer":"-1","name":"人民路隧道","name:en":"Renmin Road Tunnel","name:zh":"人民路隧道","name:zh-Hans":"人民路隧道","name:zh-Hant":"人民路隧道","oneway":"yes","surface":"asphalt","tunnel":"yes"},"geometry":{"type":"LineString","coordinates":[[121.4860835,31.23153],[121.4848782,31.2314268],[121.4843506,31.2313324],[121.4837256,31.2312234],[121.4828525,31.2310112],[121.4824783,31.2308966],[121.4819003,31.2306203]]}},{"type":"Feature","id":1123874584,"properties":{"osmId":1123874584,"bicycle":"no","foot":"no","highway":"secondary","layer":"-1","name":"人民路隧道","name:en":"Renmin Road Tunnel","name:zh":"人民路隧道","name:zh-Hans":"人民路隧道","name:zh-Hant":"人民路隧道","oneway":"yes","surface":"asphalt","tunnel":"yes"},"geometry":{"type":"LineString","coordinates":[[121.4819283,31.2305447],[121.4825197,31.2308257],[121.4828724,31.2309347],[121.48374,31.2311491],[121.4842713,31.2312497],[121.4848921,31.2313453],[121.4856062,31.2314215]]}},{"type":"Feature","id":1123874585,"properties":{"osmId":1123874585,"cycleway:right":"lane","highway":"secondary","name":"人民路","name:en":"Renmin Road","name:zh":"人民路","name:zh-Hans":"人民路","name:zh-Hant":"人民路","name:zh-Latn-pinyin":"Rénmín Lù","oneway":"yes"},"geometry":{"type":"LineString","coordinates":[[121.4828041,31.2307884],[121.4829919,31.2308533]]}},{"type":"Feature","id":1125801626,"properties":{"osmId":1125801626,"bridge":"yes","highway":"trunk_link","layer":"1","oneway":"yes"},"geometry":{"type":"LineString","coordinates":[[121.4780899,31.232932],[121.4779534,31.2328792],[121.4777238,31.2327752]]}},{"type":"Feature","id":1125986386,"properties":{"osmId":1125986386,"cycleway":"lane","highway":"tertiary","lanes":"2","name":"黄陂北路","name:en":"North Huangpi Road","name:zh":"黄陂北路","name:zh-Hans":"黄陂北路","name:zh-Hant":"黃陂北路","surface":"asphalt","trolley_wire":"yes"},"geometry":{"type":"LineString","coordinates":[[121.4681992,31.2287009],[121.4685613,31.2280596]]}},{"type":"Feature","id":1125986405,"properties":{"osmId":1125986405,"busway:left":"lane","highway":"primary","lanes":"4","name":"延安东路","name:en":"East Yan'an Road","name:zh":"延安东路","name:zh-Hans":"延安东路","name:zh-Hant":"延安東路","name:zh-Latn-pinyin":"Yán'ān Dōnglù","oneway":"yes","surface":"asphalt"},"geometry":{"type":"LineString","coordinates":[[121.473888,31.2304434],[121.4740036,31.230492]]}},{"type":"Feature","id":1125986406,"properties":{"osmId":1125986406,"cycleway":"track","highway":"tertiary","name":"金陵中路","name:en":"Middle Jinling Road","name:zh":"金陵中路","name:zh-Hans":"金陵中路","name:zh-Hant":"金陵中路","trolley_wire":"yes"},"geometry":{"type":"LineString","coordinates":[[121.4710262,31.2266697],[121.470575,31.2264773],[121.4704658,31.2264459]]}},{"type":"Feature","id":1131969257,"properties":{"osmId":1131969257,"highway":"residential","name":"武胜路","name:en":"Wusheng Road","name:zh":"武胜路","name:zh-Hans":"武胜路","name:zh-Hant":"武勝路","surface":"asphalt"},"geometry":{"type":"LineString","coordinates":[[121.4688048,31.2292836],[121.467733,31.2294514]]}},{"type":"Feature","id":1196008691,"properties":{"osmId":1196008691,"foot":"no","highway":"primary","lanes":"2","motor_vehicle":"yes","name":"延安东路隧道","name:en":"Yan'an Road Tunnel","oneway":"yes"},"geometry":{"type":"LineString","coordinates":[[121.4788296,31.2327457],[121.4790554,31.2328182],[121.4791391,31.2328422],[121.4793947,31.2329174],[121.4797816,31.2330257]]}},{"type":"Feature","id":1196008692,"properties":{"osmId":1196008692,"highway":"primary","name":"延安东路","name:en":"East Yan'an Road","name:zh":"延安东路","name:zh-Hans":"延安东路","name:zh-Hant":"延安東路","name:zh-Latn-pinyin":"Yán'ān Dōnglù","oneway":"yes"},"geometry":{"type":"LineString","coordinates":[[121.479643,31.2331922],[121.4790196,31.2330705],[121.4789126,31.2330471],[121.4786589,31.2330079]]}},{"type":"Feature","id":1196661460,"properties":{"osmId":1196661460,"highway":"service","lit":"yes","name":"香粉弄"},"geometry":{"type":"LineString","coordinates":[[121.4756069,31.2383221],[121.4753799,31.2382902],[121.4750048,31.2382394],[121.4742452,31.2381051],[121.4738175,31.2380154],[121.4735111,31.2379421]]}},{"type":"Feature","id":1196661463,"properties":{"osmId":1196661463,"highway":"service","name":"龙泉园路"},"geometry":{"type":"LineString","coordinates":[[121.4738698,31.2391989],[121.4740652,31.2386031],[121.4742452,31.2381051]]}},{"type":"Feature","id":1196713222,"properties":{"osmId":1196713222,"highway":"service"},"geometry":{"type":"LineString","coordinates":[[121.4822938,31.2393807],[121.4818005,31.2392595],[121.4817527,31.2392478]]}},{"type":"Feature","id":1196980683,"properties":{"osmId":1196980683,"cycleway:both":"no","highway":"residential","lit":"yes","name":"广西北路","name:en":"North Guangxi Road","name:zh":"广西北路","name:zh-Hans":"广西北路","name:zh-Hant":"廣西北路","oneway":"yes","oneway:bicycle":"no"},"geometry":{"type":"LineString","coordinates":[[121.4726309,31.2370523],[121.4725947,31.2371807],[121.4725531,31.2373056],[121.4723513,31.2379682],[121.4723008,31.2381649],[121.4721983,31.2385031],[121.4721454,31.2386714],[121.4720866,31.2388507],[121.4720395,31.2389939],[121.4719942,31.2391269],[121.4719893,31.2391438],[121.4719051,31.2393778],[121.4717387,31.2398107],[121.4715555,31.2402809]]}},{"type":"Feature","id":1197001873,"properties":{"osmId":1197001873,"highway":"service"},"geometry":{"type":"LineString","coordinates":[[121.4773454,31.2406389],[121.4775307,31.2402765]]}},{"type":"Feature","id":1197031944,"properties":{"osmId":1197031944,"highway":"service"},"geometry":{"type":"LineString","coordinates":[[121.4785561,31.2350325],[121.4784846,31.235231],[121.4784304,31.2353865]]}},{"type":"Feature","id":1197031945,"properties":{"osmId":1197031945,"highway":"service"},"geometry":{"type":"LineString","coordinates":[[121.4784898,31.2355871],[121.4783592,31.2359038]]}},{"type":"Feature","id":1197031946,"properties":{"osmId":1197031946,"highway":"service"},"geometry":{"type":"LineString","coordinates":[[121.4784064,31.2355611],[121.4784737,31.235398]]}},{"type":"Feature","id":1201484855,"properties":{"osmId":1201484855,"highway":"residential","name":"武胜路","name:en":"Wusheng Road","name:zh":"武胜路","name:zh-Hans":"武胜路","name:zh-Hant":"武勝路","surface":"asphalt"},"geometry":{"type":"LineString","coordinates":[[121.4694638,31.2292043],[121.469232,31.2292262],[121.4689145,31.2292601],[121.4688048,31.2292836]]}},{"type":"Feature","id":1203032313,"properties":{"osmId":1203032313,"cycleway:both":"no","highway":"residential","name":"山西南路","name:en":"South Shanxi Road","name:zh":"山西南路","name:zh-Hans":"山西南路","name:zh-Hant":"山西南路","oneway":"no","oneway:bicycle":"no"},"geometry":{"type":"LineString","coordinates":[[121.4765695,31.2416929],[121.4764596,31.241967]]}},{"type":"Feature","id":1203032314,"properties":{"osmId":1203032314,"cycleway:both":"no","highway":"residential","name":"山西南路","name:en":"South Shanxi Road","name:zh":"山西南路","name:zh-Hans":"山西南路","name:zh-Hant":"山西南路","oneway":"yes","oneway:bicycle":"no"},"geometry":{"type":"LineString","coordinates":[[121.4765695,31.2416929],[121.4767746,31.2412165],[121.4768218,31.2411044],[121.4769352,31.2408298],[121.4769692,31.2407624],[121.4770812,31.2405419]]}},{"type":"Feature","id":1203033596,"properties":{"osmId":1203033596,"cycleway:both":"no","highway":"residential","name":"山东北路","name:en":"North Shandong Road","name:zh":"山东北路","name:zh-Hans":"山东北路","name:zh-Hant":"山東北路","oneway":"yes","oneway:bicycle":"no"},"geometry":{"type":"LineString","coordinates":[[121.477741,31.2420774],[121.4775064,31.242537]]}},{"type":"Feature","id":1203033597,"properties":{"osmId":1203033597,"cycleway:both":"no","highway":"residential","name":"山东北路","name:en":"North Shandong Road","name:zh":"山东北路","name:zh-Hans":"山东北路","name:zh-Hant":"山東北路","oneway":"yes","oneway:bicycle":"no"},"geometry":{"type":"LineString","coordinates":[[121.4781957,31.2409232],[121.4783724,31.2406323],[121.4784629,31.2404886],[121.4785564,31.2403371],[121.4786966,31.2401185]]}},{"type":"Feature","id":1203037098,"properties":{"osmId":1203037098,"cycleway:both":"no","highway":"residential","lanes":"1","name":"山东中路","name:en":"Middle Shandong Road","name:zh":"山东中路","name:zh-Hans":"山东中路","name:zh-Hant":"山東中路","oneway":"no","oneway:bicycle":"no"},"geometry":{"type":"LineString","coordinates":[[121.4803665,31.2346186],[121.4805154,31.2339521],[121.4806264,31.2333986]]}},{"type":"Feature","id":1204070281,"properties":{"osmId":1204070281,"highway":"primary","lanes":"2","name":"延安东路","name:en":"East Yan'an Road","name:zh":"延安东路","name:zh-Hans":"延安东路","name:zh-Hant":"延安東路","name:zh-Latn-pinyin":"Yán'ān Dōnglù","oneway":"yes"},"geometry":{"type":"LineString","coordinates":[[121.4704011,31.2285262],[121.4717465,31.2292173],[121.472619,31.2297405],[121.472911,31.2299099]]}},{"type":"Feature","id":1204070282,"properties":{"osmId":1204070282,"highway":"primary","lanes":"2","name":"延安东路","name:en":"East Yan'an Road","name:zh":"延安东路","name:zh-Hans":"延安东路","name:zh-Hant":"延安東路","name:zh-Latn-pinyin":"Yán'ān Dōnglù","oneway":"yes","trolley_wire":"yes"},"geometry":{"type":"LineString","coordinates":[[121.4716763,31.2289908],[121.4718711,31.2290986],[121.472252,31.2293371],[121.472911,31.2299099]]}},{"type":"Feature","id":1204070283,"properties":{"osmId":1204070283,"cycleway":"track","highway":"tertiary","name":"金陵中路","name:en":"Middle Jinling Road","name:zh":"金陵中路","name:zh-Hans":"金陵中路","name:zh-Hant":"金陵中路","trolley_wire":"yes"},"geometry":{"type":"LineString","coordinates":[[121.4725084,31.2273025],[121.4719087,31.2270436],[121.4715359,31.2268921],[121.4710262,31.2266697]]}},{"type":"Feature","id":1204070539,"properties":{"osmId":1204070539,"access":"no","foot":"yes","highway":"residential"},"geometry":{"type":"LineString","coordinates":[[121.4768206,31.2254384],[121.4781801,31.225835]]}},{"type":"Feature","id":1206165293,"properties":{"osmId":1206165293,"cycleway:both":"no","highway":"residential","lanes":"2","name":"汉口路","name:en":"Hankou Road","name:zh":"汉口路","name:zh-Hans":"汉口路","name:zh-Hant":"漢口路","oneway:bicycle":"no","surface":"asphalt"},"geometry":{"type":"LineString","coordinates":[[121.4817309,31.2380522],[121.4825058,31.2382261]]}},{"type":"Feature","id":1206165294,"properties":{"osmId":1206165294,"highway":"residential","lanes":"1","name":"江西中路","name:en":"Middle Jiangxi Road","name:zh":"江西中路","name:zh-Hans":"江西中路","name:zh-Hant":"江西中路","oneway":"no","trolley_wire":"yes"},"geometry":{"type":"LineString","coordinates":[[121.4825058,31.2382261],[121.4824081,31.2390423]]}},{"type":"Feature","id":1211656985,"properties":{"osmId":1211656985,"highway":"service","service":"alley"},"geometry":{"type":"LineString","coordinates":[[121.47497,31.2290026],[121.4754754,31.2292618],[121.4755514,31.2293007],[121.4755191,31.2294384],[121.4754028,31.2295811],[121.4753635,31.2296251],[121.4750326,31.2295088],[121.4748778,31.2294313],[121.4747226,31.2293741]]}},{"type":"Feature","id":1211656986,"properties":{"osmId":1211656986,"highway":"service","service":"alley"},"geometry":{"type":"LineString","coordinates":[[121.4755514,31.2293007],[121.4757972,31.2294207],[121.4760857,31.2289741]]}},{"type":"Feature","id":1211658013,"properties":{"osmId":1211658013,"highway":"service","service":"alley"},"geometry":{"type":"LineString","coordinates":[[121.4757972,31.2294207],[121.4761718,31.2296444]]}},{"type":"Feature","id":1214520065,"properties":{"osmId":1214520065,"cycleway:both":"no","highway":"tertiary","lit":"yes","name":"凤阳路","name:en":"Fengyang Road","name:zh":"凤阳路","name:zh-Hans":"凤阳路","name:zh-Hant":"鳳陽路","name:zh-Latn-pinyin":"Fèngyáng Lù","oneway":"yes","oneway:bicycle":"no"},"geometry":{"type":"LineString","coordinates":[[121.4623051,31.2349211],[121.4623354,31.2349289],[121.4624577,31.2349625],[121.4629484,31.2350464],[121.4633264,31.2350768],[121.4636779,31.2351051],[121.464401,31.2353217],[121.4646125,31.2353992],[121.4646664,31.2354181],[121.4652483,31.2356042],[121.4653626,31.2356254],[121.4654358,31.2356389],[121.4662099,31.2358513],[121.4664786,31.2358703],[121.4666994,31.2358611],[121.4669983,31.2359812],[121.467148,31.236139],[121.4673091,31.2363885],[121.4674261,31.2365462],[121.4676181,31.2367153],[121.4683438,31.2372066],[121.4685258,31.2373309],[121.4692699,31.2379192],[121.4693926,31.2380997],[121.4694698,31.2382944]]}},{"type":"Feature","id":1214520070,"properties":{"osmId":1214520070,"bicycle":"no","foot":"no","highway":"primary","lanes":"4","name":"重庆中路","name:en":"Middle Chongqing Road","name:zh":"重庆中路","oneway":"yes"},"geometry":{"type":"LineString","coordinates":[[121.4646942,31.2260841],[121.4650727,31.2257917]]}},{"type":"Feature","id":1214520073,"properties":{"osmId":1214520073,"highway":"primary","name":"延安东路","name:en":"East Yan'an Road","name:zh":"延安东路","name:zh-Hans":"延安东路","name:zh-Hant":"延安東路","name:zh-Latn-pinyin":"Yán'ān Dōnglù","oneway":"yes"},"geometry":{"type":"LineString","coordinates":[[121.4657115,31.2265017],[121.4665421,31.2268487],[121.4667424,31.2269315],[121.4680329,31.2274449],[121.4687088,31.22775]]}},{"type":"Feature","id":1214520076,"properties":{"osmId":1214520076,"bicycle":"yes","highway":"tertiary","motor_vehicle":"no","name":"金陵西路","name:en":"West Jinling Road"},"geometry":{"type":"LineString","coordinates":[[121.4660299,31.2250897],[121.4659894,31.225057]]}},{"type":"Feature","id":1214520077,"properties":{"osmId":1214520077,"cycleway":"lane","cycleway:right":"lane","highway":"primary","lanes":"2","name":"重庆中路","name:en":"Middle Chongqing Road","name:zh":"重庆中路","oneway":"yes"},"geometry":{"type":"LineString","coordinates":[[121.4658489,31.2254884],[121.4656752,31.225672]]}},{"type":"Feature","id":1222703382,"properties":{"osmId":1222703382,"highway":"residential","lanes":"1","motor_vehicle":"no","name":"桃源路"},"geometry":{"type":"LineString","coordinates":[[121.4765657,31.2269387],[121.4762547,31.2268235]]}},{"type":"Feature","id":1222703383,"properties":{"osmId":1222703383,"highway":"residential","lanes":"1","maxspeed":"40","name":"桃源路"},"geometry":{"type":"LineString","coordinates":[[121.4760641,31.2267424],[121.4761045,31.2267583]]}},{"type":"Feature","id":1222703384,"properties":{"osmId":1222703384,"cycleway":"track","highway":"tertiary","name":"金陵中路","name:en":"Middle Jinling Road","trolley_wire":"yes"},"geometry":{"type":"LineString","coordinates":[[121.4747362,31.2283317],[121.4743929,31.2281816],[121.4740169,31.2280424]]}},{"type":"Feature","id":1223689722,"properties":{"osmId":1223689722,"cycleway":"lane","highway":"secondary","lanes":"2","name":"河南南路","name:en":"South Henan Road","oneway":"yes","source":"interpolation"},"geometry":{"type":"LineString","coordinates":[[121.4840293,31.2263214],[121.4842453,31.2258817],[121.4844909,31.2254841],[121.4849396,31.2245926]]}},{"type":"Feature","id":1223689723,"properties":{"osmId":1223689723,"cycleway":"lane","highway":"secondary","lanes":"2","name":"河南南路","name:en":"South Henan Road","oneway":"yes","source":"interpolation"},"geometry":{"type":"LineString","coordinates":[[121.4833716,31.2276404],[121.4834174,31.2275366]]}},{"type":"Feature","id":1223689724,"properties":{"osmId":1223689724,"highway":"residential","name:en":"Zihua Road"},"geometry":{"type":"LineString","coordinates":[[121.4835451,31.2275651],[121.4845181,31.2277527],[121.485098,31.2278625]]}},{"type":"Feature","id":1223689725,"properties":{"osmId":1223689725,"cycleway":"lane","highway":"secondary","lanes":"2","name":"河南南路","name:en":"South Henan Road","name:zh":"河南南路","name:zh-Hans":"河南南路","name:zh-Hant":"河南南路","oneway":"yes","source":"interpolation"},"geometry":{"type":"LineString","coordinates":[[121.4835451,31.2275651],[121.4833099,31.2283029],[121.4832149,31.2287078],[121.4831004,31.2292211],[121.4830801,31.2293112],[121.4830036,31.229724],[121.4828437,31.230545],[121.4828041,31.2307884]]}},{"type":"Feature","id":1223689726,"properties":{"osmId":1223689726,"cycleway":"lane","highway":"secondary","lanes":"2","name":"河南南路","name:en":"South Henan Road","name:zh":"河南南路","name:zh-Hans":"河南南路","name:zh-Hant":"河南南路","oneway":"yes","source":"interpolation"},"geometry":{"type":"LineString","coordinates":[[121.4836765,31.2273048],[121.4835451,31.2275651]]}},{"type":"Feature","id":1223689727,"properties":{"osmId":1223689727,"cycleway":"lane","highway":"secondary","lanes":"2","name":"河南南路","name:en":"South Henan Road","name:zh":"河南南路","name:zh-Hans":"河南南路","name:zh-Hant":"河南南路","oneway":"yes","source":"interpolation"},"geometry":{"type":"LineString","coordinates":[[121.4837404,31.2271869],[121.4836765,31.2273048]]}},{"type":"Feature","id":1233759524,"properties":{"osmId":1233759524,"highway":"primary","lanes":"2","name":"重庆北路","name:en":"North Chongqing Road","name:zh":"重庆北路","name:zh-Hans":"重庆北路","name:zh-Hant":"重慶北路","name:zh-Latn-pinyin":"Chóngqìng Běilù","oneway":"yes"},"geometry":{"type":"LineString","coordinates":[[121.4656697,31.2262362],[121.465668,31.2264059],[121.4656766,31.2264486],[121.4657115,31.2265017]]}},{"type":"Feature","id":1234244925,"properties":{"osmId":1234244925,"highway":"primary","name":"延安东路","name:en":"East Yan'an Road","name:zh":"延安东路","name:zh-Hans":"延安东路","name:zh-Hant":"延安東路","name:zh-Latn-pinyin":"Yán'ān Dōnglù","oneway":"yes","surface":"asphalt"},"geometry":{"type":"LineString","coordinates":[[121.4649003,31.2261688],[121.4650374,31.2262251],[121.4655922,31.2264514],[121.4657115,31.2265017]]}},{"type":"Feature","id":1234244926,"properties":{"osmId":1234244926,"highway":"primary_link","oneway":"yes"},"geometry":{"type":"LineString","coordinates":[[121.4655922,31.2264514],[121.4657232,31.226641]]}},{"type":"Feature","id":1234244927,"properties":{"osmId":1234244927,"busway:left":"lane","highway":"primary","name":"延安东路","name:en":"East Yan'an Road","name:zh":"延安东路","name:zh-Hans":"延安东路","name:zh-Hant":"延安東路","name:zh-Latn-pinyin":"Yán'ān Dōnglù","oneway":"yes","surface":"asphalt"},"geometry":{"type":"LineString","coordinates":[[121.4657232,31.226641],[121.4666914,31.2270232],[121.4669126,31.2271099],[121.4686689,31.2278455]]}},{"type":"Feature","id":1235501860,"properties":{"osmId":1235501860,"cycleway:both":"no","highway":"residential","lanes":"1","name":"广西南路","name:en":"South Guangxi Road","name:zh":"广西南路","name:zh-Hans":"广西南路","name:zh-Hant":"廣西南路","oneway":"yes","oneway:bicycle":"no"},"geometry":{"type":"LineString","coordinates":[[121.4756861,31.2313993],[121.475525,31.2316356]]}},{"type":"Feature","id":1235501861,"properties":{"osmId":1235501861,"busway:left":"lane","highway":"primary","name":"延安东路","name:en":"East Yan'an Road","name:zh":"延安东路","name:zh-Hans":"延安东路","name:zh-Hant":"延安東路","name:zh-Latn-pinyin":"Yán'ān Dōnglù","oneway":"yes"},"geometry":{"type":"LineString","coordinates":[[121.475525,31.2316356],[121.4752178,31.2314618],[121.4748025,31.2312285],[121.4743201,31.2309645],[121.4741739,31.2308943],[121.4738598,31.2307215]]}},{"type":"Feature","id":1235501862,"properties":{"osmId":1235501862,"busway:left":"lane","highway":"primary","lanes":"4","name":"延安东路","name:en":"East Yan'an Road","name:zh":"延安东路","name:zh-Hans":"延安东路","name:zh-Hant":"延安東路","name:zh-Latn-pinyin":"Yán'ān Dōnglù","oneway":"yes","surface":"asphalt"},"geometry":{"type":"LineString","coordinates":[[121.4756861,31.2313993],[121.4760679,31.2315721],[121.4761637,31.2316136]]}},{"type":"Feature","id":1235501863,"properties":{"osmId":1235501863,"bicycle":"no","highway":"secondary","lanes":"2","maxspeed:type":"sign","name":"淮海东路","name:en":"East Huaihai Road","name:zh":"淮海东路","name:zh-Hans":"淮海东路","name:zh-Hant":"淮海東路","source":"interpolation","source:bicycle":"local_knowledge","surface":"asphalt"},"geometry":{"type":"LineString","coordinates":[[121.4791374,31.2289317],[121.4792767,31.2290198]]}},{"type":"Feature","id":1235501864,"properties":{"osmId":1235501864,"bicycle":"no","highway":"secondary","name":"西藏中路","name:en":"Middle Xizang Road","name:etymology:wikidata":"Q17269","oneway":"yes"},"geometry":{"type":"LineString","coordinates":[[121.4720963,31.2332625],[121.4720236,31.2333736]]}},{"type":"Feature","id":1235501865,"properties":{"osmId":1235501865,"highway":"service","oneway":"yes","trolley_wire":"yes"},"geometry":{"type":"LineString","coordinates":[[121.4667692,31.2346026],[121.4669586,31.2347415],[121.4670145,31.2347981]]}},{"type":"Feature","id":1235754993,"properties":{"osmId":1235754993,"highway":"primary","lanes":"2","lit":"yes","name":"延安东路","name:en":"East Yan'an Road","name:zh":"延安东路","name:zh-Hans":"延安东路","name:zh-Hant":"延安東路","name:zh-Latn-pinyin":"Yán'ān Dōnglù","oneway":"yes","surface":"asphalt"},"geometry":{"type":"LineString","coordinates":[[121.4737537,31.2306891],[121.47321,31.2305181],[121.4727605,31.230288],[121.4726071,31.2301953],[121.4724904,31.2301248],[121.4721764,31.2298877],[121.4718296,31.2296037]]}},{"type":"Feature","id":1237953491,"properties":{"osmId":1237953491,"bicycle":"no","highway":"secondary","lanes":"2","name":"河南中路","name:en":"Middle Henan Road","name:zh":"河南中路","name:zh-Hans":"河南中路","name:zh-Hant":"河南中路","oneway":"yes"},"geometry":{"type":"LineString","coordinates":[[121.4806165,31.2385778],[121.4806466,31.238477],[121.4808319,31.2378564]]}},{"type":"Feature","id":1237953492,"properties":{"osmId":1237953492,"bicycle":"no","highway":"secondary","lanes":"1","name":"九江路","name:en":"Jiujiang Road","name:zh":"九江路","name:zh-Hans":"九江路","name:zh-Hant":"九江路","source":"Bing","trolley_wire":"yes","wikidata":"Q15924655","wikipedia":"zh:九江路 (上海)"},"geometry":{"type":"LineString","coordinates":[[121.4807239,31.2386065],[121.4806414,31.2385845],[121.4806165,31.2385778]]}},{"type":"Feature","id":1237953496,"properties":{"osmId":1237953496,"bicycle":"no","highway":"secondary","lanes":"2","name":"淮海中路","name:en":"Middle Huaihai Road","name:zh":"淮海中路","name:zh-Hans":"淮海中路","name:zh-Hant":"淮海中路","name:zh-Latn-pinyin":"Huáihǎi Zhōnglù","source":"interpolation","source:bicycle":"local knowledge","surface":"asphalt"},"geometry":{"type":"LineString","coordinates":[[121.4757751,31.2275479],[121.4759111,31.2276041]]}},{"type":"Feature","id":1237953497,"properties":{"osmId":1237953497,"bicycle":"no","highway":"secondary","name":"西藏南路","name:en":"South Xizang Road","name:zh":"西藏南路","name:zh-Hans":"西藏南路","name:zh-Hant":"西藏南路","oneway":"yes","source":"interpolation","trolley_wire":"yes"},"geometry":{"type":"LineString","coordinates":[[121.4751662,31.228508],[121.4753159,31.2283218],[121.4754724,31.2280938],[121.4756347,31.2278385],[121.4757751,31.2275479]]}},{"type":"Feature","id":1247547933,"properties":{"osmId":1247547933,"bicycle":"no","highway":"secondary","name":"北京西路","name:en":"West Beijing Road","name:zh":"北京西路","name:zh-Hans":"北京西路","name:zh-Hant":"北京西路","name:zh-Latn-pinyin":"Běijīng Xīlù","trolley_wire":"yes","wikidata":"Q10902424","wikipedia":"zh:北京西路 (上海)"},"geometry":{"type":"LineString","coordinates":[[121.463881,31.2373676],[121.4643449,31.2375408],[121.4654209,31.2379529],[121.4660263,31.2382487]]}},{"type":"Feature","id":1254816454,"properties":{"osmId":1254816454,"highway":"residential","name":"嵩山路","name:en":"Songshan Road","name:zh":"嵩山路","name:zh-Hans":"嵩山路","name:zh-Hant":"嵩山路"},"geometry":{"type":"LineString","coordinates":[[121.4704658,31.2264459],[121.4706747,31.2259712],[121.470821,31.2256386],[121.4708644,31.2255394]]}},{"type":"Feature","id":1254816455,"properties":{"osmId":1254816455,"bicycle":"no","highway":"secondary","lanes":"2","name":"淮海中路","name:en":"Middle Huaihai Road","name:zh":"淮海中路","name:zh-Hans":"淮海中路","name:zh-Hant":"淮海中路","name:zh-Latn-pinyin":"Huáihǎi Zhōnglù","source":"interpolation","source:bicycle":"local knowledge","surface":"asphalt"},"geometry":{"type":"LineString","coordinates":[[121.4698784,31.2251274],[121.47002,31.2251866],[121.4707702,31.2255],[121.4708644,31.2255394]]}},{"type":"Feature","id":1255099063,"properties":{"osmId":1255099063,"busway:left":"lane","highway":"primary","name":"延安东路","name:en":"East Yan'an Road","name:zh":"延安东路","name:zh-Hans":"延安东路","name:zh-Hant":"延安東路","name:zh-Latn-pinyin":"Yán'ān Dōnglù","oneway":"yes"},"geometry":{"type":"LineString","coordinates":[[121.4838391,31.2334309],[121.4838912,31.2334444],[121.4839916,31.2334689],[121.4842238,31.2335178],[121.4844364,31.2335634],[121.4846564,31.2336292],[121.4848492,31.2336931],[121.4849338,31.2337297]]}},{"type":"Feature","id":1255099064,"properties":{"osmId":1255099064,"highway":"primary","lanes":"2","name":"延安东路","name:en":"East Yan'an Road","name:zh":"延安东路","name:zh-Hans":"延安东路","name:zh-Hant":"延安東路","name:zh-Latn-pinyin":"Yán'ān Dōnglù","oneway":"yes","trolley_wire":"yes"},"geometry":{"type":"LineString","coordinates":[[121.4715241,31.2289066],[121.4716763,31.2289908]]}},{"type":"Feature","id":1255099065,"properties":{"osmId":1255099065,"bicycle":"no","highway":"service","name":"普安路","name:en":"Pu'an Road","name:zh":"普安路","name:zh-Hans":"普安路","name:zh-Hant":"普安路","oneway":"yes"},"geometry":{"type":"LineString","coordinates":[[121.4719033,31.2285573],[121.47174,31.2288572],[121.4716763,31.2289908]]}},{"type":"Feature","id":1255099066,"properties":{"osmId":1255099066,"bicycle":"no","highway":"service","name":"普安路","name:en":"Pu'an Road","name:zh":"普安路","name:zh-Hans":"普安路","name:zh-Hant":"普安路","oneway":"yes"},"geometry":{"type":"LineString","coordinates":[[121.47187,31.2284111],[121.4717464,31.2284988]]}},{"type":"Feature","id":1255099067,"properties":{"osmId":1255099067,"bicycle":"no","highway":"service","name":"普安路","name:en":"Pu'an Road","name:zh":"普安路","name:zh-Hans":"普安路","name:zh-Hant":"普安路"},"geometry":{"type":"LineString","coordinates":[[121.4717464,31.2284988],[121.4719033,31.2285573]]}},{"type":"Feature","id":1255099068,"properties":{"osmId":1255099068,"bicycle":"no","highway":"service","name":"普安路","name:en":"Pu'an Road","name:zh":"普安路","name:zh-Hans":"普安路","name:zh-Hant":"普安路","oneway":"yes"},"geometry":{"type":"LineString","coordinates":[[121.4725084,31.2273025],[121.4724831,31.2275242],[121.4722145,31.2280023]]}},{"type":"Feature","id":1255099069,"properties":{"osmId":1255099069,"bicycle":"no","highway":"tertiary","name":"普安路","name:en":"Pu'an Road","name:zh":"普安路","name:zh-Hans":"普安路","name:zh-Hant":"普安路"},"geometry":{"type":"LineString","coordinates":[[121.4717464,31.2284988],[121.4717478,31.2284426],[121.4719248,31.2281078]]}},{"type":"Feature","id":1268479277,"properties":{"osmId":1268479277,"highway":"service","name":"石潭弄","name:en":"Shitan Alley","name:zh":"石潭弄","name:zh-Hans":"石潭弄","name:zh-Hant":"石潭弄"},"geometry":{"type":"LineString","coordinates":[[121.4748816,31.2411628],[121.4750575,31.2406416],[121.4751617,31.2403315],[121.4752064,31.2402216],[121.475252,31.2402009],[121.47533,31.2401799],[121.4753449,31.240154],[121.4753645,31.2401177]]}},{"type":"Feature","id":1272548721,"properties":{"osmId":1272548721,"bicycle":"no","highway":"secondary","name":"西藏中路","name:en":"Middle Xizang Road","name:etymology:wikidata":"Q17269","oneway":"yes","surface":"asphalt","wikidata":"Q6705140"},"geometry":{"type":"LineString","coordinates":[[121.4723425,31.2326714],[121.4725494,31.232382],[121.4726724,31.2322166]]}},{"type":"Feature","id":1272551957,"properties":{"osmId":1272551957,"bicycle":"no","highway":"service","name":"普安路","name:en":"Pu'an Road","name:zh":"普安路","name:zh-Hans":"普安路","name:zh-Hant":"普安路","oneway":"yes"},"geometry":{"type":"LineString","coordinates":[[121.4722145,31.2280023],[121.4719972,31.2283876]]}},{"type":"Feature","id":1273359373,"properties":{"osmId":1273359373,"cycleway":"lane","highway":"secondary","lanes":"2","name":"新闸路","name:en":"Xinzha Road","name:zh":"新闸路","name:zh-Hans":"新闸路","name:zh-Hant":"新閘路","name:zh-Latn-pinyin":"Xīnzhá Lù","surface":"asphalt","trolley_wire":"yes"},"geometry":{"type":"LineString","coordinates":[[121.465006,31.2403937],[121.4665875,31.2401347]]}},{"type":"Feature","id":1273405488,"properties":{"osmId":1273405488,"cycleway:right":"lane","highway":"secondary","name":"人民路","name:en":"Renmin Road","name:zh":"人民路","name:zh-Hans":"人民路","name:zh-Hant":"人民路","name:zh-Latn-pinyin":"Rénmín Lù","oneway":"yes"},"geometry":{"type":"LineString","coordinates":[[121.4827593,31.2309982],[121.4826178,31.2309684]]}},{"type":"Feature","id":1273405489,"properties":{"osmId":1273405489,"cycleway":"lane","highway":"secondary","lanes":"2","name":"河南南路","name:en":"South Henan Road","name:zh":"河南南路","name:zh-Hans":"河南南路","name:zh-Hant":"河南南路","oneway":"yes","source":"interpolation"},"geometry":{"type":"LineString","coordinates":[[121.4826178,31.2309684],[121.4826683,31.2307414]]}},{"type":"Feature","id":1290439817,"properties":{"osmId":1290439817,"bicycle":"no","highway":"tertiary","name":"普安路","name:en":"Pu'an Road","name:zh":"普安路","name:zh-Hans":"普安路","name:zh-Hant":"普安路"},"geometry":{"type":"LineString","coordinates":[[121.4719248,31.2281078],[121.4722926,31.2274348],[121.4725084,31.2273025]]}},{"type":"Feature","id":1290439818,"properties":{"osmId":1290439818,"busway:left":"lane","highway":"primary","name":"延安东路","name:en":"East Yan'an Road","name:zh":"延安东路","name:zh-Hans":"延安东路","name:zh-Hant":"延安東路","name:zh-Latn-pinyin":"Yán'ān Dōnglù","oneway":"yes"},"geometry":{"type":"LineString","coordinates":[[121.4769212,31.2324254],[121.4763781,31.2321306],[121.475525,31.2316356]]}},{"type":"Feature","id":1290439819,"properties":{"osmId":1290439819,"highway":"tertiary","oneway":"yes"},"geometry":{"type":"LineString","coordinates":[[121.4769212,31.2324254],[121.4769833,31.2323425]]}},{"type":"Feature","id":1290439820,"properties":{"osmId":1290439820,"highway":"primary","name":"延安东路","name:en":"East Yan'an Road","name:zh":"延安东路","name:zh-Hans":"延安东路","name:zh-Hant":"延安東路","name:zh-Latn-pinyin":"Yán'ān Dōnglù","oneway":"yes"},"geometry":{"type":"LineString","coordinates":[[121.4769833,31.2323425],[121.4765195,31.2321124],[121.4759159,31.2317729],[121.475525,31.2316356]]}},{"type":"Feature","id":1290456019,"properties":{"osmId":1290456019,"bicycle":"no","bridge":"yes","highway":"trunk","lanes":"2","layer":"2","motorroad":"yes","name":"延安高架路","name:en":"Yan'an Elevated Road","name:zh":"延安高架路","name:zh-Hans":"延安高架路","name:zh-Hant":"延安高架路","oneway":"yes"},"geometry":{"type":"LineString","coordinates":[[121.4702719,31.2286735],[121.4696062,31.228401]]}},{"type":"Feature","id":1292568609,"properties":{"osmId":1292568609,"bicycle":"no","highway":"secondary","name":"西藏中路","name:en":"Middle Xizang Road","name:etymology:wikidata":"Q17269","oneway":"yes"},"geometry":{"type":"LineString","coordinates":[[121.4720236,31.2333736],[121.4719256,31.2335154],[121.4719013,31.2335565]]}},{"type":"Feature","id":1292568610,"properties":{"osmId":1292568610,"cycleway":"lane","highway":"tertiary","lanes":"2","name":"福州路","name:en":"Fuzhou Road","name:etymology:wikidata":"Q68481","oneway":"yes"},"geometry":{"type":"LineString","coordinates":[[121.4719013,31.2335565],[121.4717731,31.2335063]]}},{"type":"Feature","id":1292568611,"properties":{"osmId":1292568611,"highway":"tertiary","lanes":"2","name":"福建中路","name:en":"Middle Fujian Road","oneway":"yes"},"geometry":{"type":"LineString","coordinates":[[121.4785974,31.2331069],[121.4785201,31.2332799]]}},{"type":"Feature","id":1292568612,"properties":{"osmId":1292568612,"busway:left":"lane","highway":"primary","name":"延安东路","name:en":"East Yan'an Road","name:zh":"延安东路","name:zh-Hans":"延安东路","name:zh-Hant":"延安東路","name:zh-Latn-pinyin":"Yán'ān Dōnglù","oneway":"yes"},"geometry":{"type":"LineString","coordinates":[[121.4791405,31.2331728],[121.4788064,31.2331195]]}},{"type":"Feature","id":1292578228,"properties":{"osmId":1292578228,"cycleway:right":"lane","highway":"secondary","name":"人民路","name:en":"Renmin Road","name:zh":"人民路","name:zh-Hans":"人民路","name:zh-Hant":"人民路","name:zh-Latn-pinyin":"Rénmín Lù","oneway":"yes"},"geometry":{"type":"LineString","coordinates":[[121.4800346,31.2298918],[121.479942,31.2298232],[121.4798482,31.2297478],[121.47958,31.2294301],[121.4793735,31.2291572],[121.4792767,31.2290198]]}},{"type":"Feature","id":1292578258,"properties":{"osmId":1292578258,"bicycle":"no","highway":"secondary","name":"西藏中路","name:en":"Middle Xizang Road","name:etymology:wikidata":"Q17269","oneway":"yes","surface":"asphalt","wikidata":"Q6705140"},"geometry":{"type":"LineString","coordinates":[[121.471899,31.2333002],[121.4719742,31.2331912]]}},{"type":"Feature","id":1292578259,"properties":{"osmId":1292578259,"bicycle":"no","highway":"tertiary","lanes":"3","name":"人民大道","name:en":"People's Avenue","name:zh":"人民大道","name:zh-Hans":"人民大道","name:zh-Hant":"人民大道","oneway":"yes","surface":"asphalt"},"geometry":{"type":"LineString","coordinates":[[121.4719742,31.2331912],[121.4720963,31.2332625]]}},{"type":"Feature","id":1292578260,"properties":{"osmId":1292578260,"highway":"tertiary","name":"武胜路","name:en":"Wusheng Road","name:zh":"武胜路","name:zh-Hans":"武胜路","name:zh-Hant":"武勝路","oneway":"yes","surface":"paving_stones"},"geometry":{"type":"LineString","coordinates":[[121.4725725,31.2309942],[121.4724966,31.2307588]]}},{"type":"Feature","id":1297720367,"properties":{"osmId":1297720367,"bicycle":"no","highway":"tertiary","name":"普安路","name:en":"Pu'an Road","name:zh":"普安路","name:zh-Hans":"普安路","name:zh-Hant":"普安路"},"geometry":{"type":"LineString","coordinates":[[121.4716512,31.2286743],[121.4717464,31.2284988]]}},{"type":"Feature","id":1297720370,"properties":{"osmId":1297720370,"cycleway":"lane","highway":"secondary","lanes":"2","name":"河南南路","name:en":"South Henan Road","oneway":"yes","source":"interpolation"},"geometry":{"type":"LineString","coordinates":[[121.4834174,31.2275366],[121.4837412,31.2268561],[121.4840293,31.2263214]]}},{"type":"Feature","id":1297720371,"properties":{"osmId":1297720371,"highway":"residential","lit":"yes","name":"天津路","name:en":"Tianjin Road","name:etymology:wikidata":"Q11736","oneway":"yes"},"geometry":{"type":"LineString","coordinates":[[121.4753737,31.2390106],[121.4749101,31.2388716],[121.4744494,31.2387268],[121.4741537,31.2386302],[121.4740652,31.2386031],[121.4738947,31.2385484],[121.4736576,31.2384687],[121.4735131,31.2383934],[121.4734322,31.2383366],[121.4733272,31.238251]]}},{"type":"Feature","id":1297720372,"properties":{"osmId":1297720372,"highway":"tertiary","lanes":"2","name":"福建中路","name:en":"Middle Fujian Road","name:zh":"福建中路","name:zh-Hans":"福建中路","name:zh-Hant":"福建中路","oneway":"yes","trolley_wire":"yes"},"geometry":{"type":"LineString","coordinates":[[121.4753737,31.2390106],[121.4751417,31.2395859],[121.475114,31.2396558],[121.4749731,31.2400305],[121.4749285,31.2401361],[121.474876,31.2402619],[121.474634,31.2409435],[121.4745864,31.2410872]]}},{"type":"Feature","id":1297720373,"properties":{"osmId":1297720373,"highway":"tertiary","lanes":"2","name":"福建中路","name:en":"Middle Fujian Road","name:zh":"福建中路","name:zh-Hans":"福建中路","name:zh-Hant":"福建中路","oneway":"yes","trolley_wire":"yes"},"geometry":{"type":"LineString","coordinates":[[121.4765782,31.2365231],[121.4761819,31.2371615]]}},{"type":"Feature","id":1297720374,"properties":{"osmId":1297720374,"bicycle":"no","highway":"secondary","lanes":"1","name":"九江路","name:en":"Jiujiang Road","name:zh":"九江路","name:zh-Hans":"九江路","name:zh-Hant":"九江路","source":"Bing","trolley_wire":"yes","wikidata":"Q15924655","wikipedia":"zh:九江路 (上海)"},"geometry":{"type":"LineString","coordinates":[[121.4761819,31.2371615],[121.4753744,31.2368639],[121.4750563,31.2367491]]}},{"type":"Feature","id":1297720375,"properties":{"osmId":1297720375,"bicycle":"no","highway":"secondary","lit":"yes","name":"西藏中路","name:en":"Middle Xizang Road","oneway":"yes","surface":"asphalt","wikidata":"Q6705140"},"geometry":{"type":"LineString","coordinates":[[121.4699482,31.2365248],[121.4700677,31.2362702],[121.4701889,31.2360464],[121.4703167,31.2357978],[121.4703843,31.2356662]]}},{"type":"Feature","id":1297720376,"properties":{"osmId":1297720376,"bicycle":"no","highway":"tertiary","name":"普安路","name:en":"Pu'an Road","name:zh":"普安路","name:zh-Hans":"普安路","name:zh-Hant":"普安路"},"geometry":{"type":"LineString","coordinates":[[121.4715241,31.2289066],[121.4715895,31.2287917],[121.4716512,31.2286743]]}},{"type":"Feature","id":1298040471,"properties":{"osmId":1298040471,"bicycle":"no","highway":"tertiary","lanes":"2","name":"南京西路","name:en":"West Nanjing Road","name:zh":"南京西路","name:zh-Hans":"南京西路","name:zh-Hant":"南京西路","source":"interpolation","wikidata":"Q10906894","wikipedia":"zh:南京西路 (上海市)"},"geometry":{"type":"LineString","coordinates":[[121.4692721,31.2363643],[121.4689107,31.2362683]]}},{"type":"Feature","id":1298040483,"properties":{"osmId":1298040483,"bicycle":"no","highway":"tertiary","lanes":"2","name":"福州路","name:en":"Fuzhou Road","name:zh":"福州路","name:zh-Hans":"福州路","name:zh-Hant":"福州路","oneway":"yes"},"geometry":{"type":"LineString","coordinates":[[121.4813189,31.2367007],[121.4811841,31.2366656]]}},{"type":"Feature","id":1298040484,"properties":{"osmId":1298040484,"bicycle":"no","highway":"secondary","lanes":"2","name":"河南中路","name:en":"Middle Henan Road","name:zh":"河南中路","name:zh-Hans":"河南中路","name:zh-Hant":"河南中路","oneway":"yes"},"geometry":{"type":"LineString","coordinates":[[121.4813189,31.2367007],[121.4809423,31.2378796]]}},{"type":"Feature","id":1298040485,"properties":{"osmId":1298040485,"bicycle":"no","highway":"secondary","name":"西藏中路","name:en":"Middle Xizang Road","oneway":"yes","surface":"asphalt","wikidata":"Q6705140"},"geometry":{"type":"LineString","coordinates":[[121.4688898,31.2397417],[121.4689387,31.2395778]]}},{"type":"Feature","id":1298040486,"properties":{"osmId":1298040486,"bicycle":"no","highway":"secondary","name":"北京西路","name:en":"West Beijing Road","name:zh":"北京西路","name:zh-Hans":"北京西路","name:zh-Hant":"北京西路","name:zh-Latn-pinyin":"Běijīng Xīlù","surface":"asphalt","trolley_wire":"yes","wikidata":"Q10902424","wikipedia":"zh:北京西路 (上海)"},"geometry":{"type":"LineString","coordinates":[[121.4689387,31.2395778],[121.4690652,31.2397037]]}},{"type":"Feature","id":1298040487,"properties":{"osmId":1298040487,"cycleway":"opposite_lane","highway":"unclassified","name:en":"Middle Fangbang Road"},"geometry":{"type":"LineString","coordinates":[[121.4841731,31.2263366],[121.4840293,31.2263214]]}},{"type":"Feature","id":1298040488,"properties":{"osmId":1298040488,"cycleway":"lane","highway":"secondary","lanes":"2","name":"河南南路","name:en":"South Henan Road","name:zh":"河南南路","name:zh-Hans":"河南南路","name:zh-Hant":"河南南路","oneway":"yes","source":"interpolation"},"geometry":{"type":"LineString","coordinates":[[121.4841731,31.2263366],[121.4838378,31.226966],[121.4837404,31.2271869]]}},{"type":"Feature","id":1298040501,"properties":{"osmId":1298040501,"bicycle":"no","highway":"tertiary","lanes":"2","name":"南京西路","name:en":"West Nanjing Road","name:zh":"南京西路","name:zh-Hans":"南京西路","name:zh-Hant":"南京西路","source":"interpolation","wikidata":"Q10906894","wikipedia":"zh:南京西路 (上海市)"},"geometry":{"type":"LineString","coordinates":[[121.4699482,31.2365248],[121.4696754,31.236459],[121.4692721,31.2363643]]}},{"type":"Feature","id":1323097576,"properties":{"osmId":1323097576,"cycleway":"lane","highway":"tertiary","name":"人民路","name:en":"Renmin Road","name:zh":"人民路","name:zh-Hans":"人民路","name:zh-Hant":"人民路","name:zh-Latn-pinyin":"Rénmín Lù"},"geometry":{"type":"LineString","coordinates":[[121.4788384,31.224823],[121.4787255,31.2251508]]}},{"type":"Feature","id":1323097578,"properties":{"osmId":1323097578,"cycleway:right":"lane","highway":"secondary","name":"人民路","name:en":"Renmin Road","name:zh":"人民路","name:zh-Hans":"人民路","name:zh-Hant":"人民路","name:zh-Latn-pinyin":"Rénmín Lù","oneway":"yes"},"geometry":{"type":"LineString","coordinates":[[121.4805116,31.2301876],[121.4802419,31.2300266],[121.4800346,31.2298918]]}},{"type":"Feature","id":1323097579,"properties":{"osmId":1323097579,"highway":"tertiary","lanes":"2","name":"福建南路","name:en":"South Fujian Road","name:zh":"福建南路","name:zh-Hans":"福建南路","name:zh-Hant":"福建南路","oneway":"yes"},"geometry":{"type":"LineString","coordinates":[[121.4799582,31.2310119],[121.4796335,31.2314951],[121.479536,31.2316402],[121.4794066,31.2318594],[121.4793427,31.231956]]}},{"type":"Feature","id":1323097580,"properties":{"osmId":1323097580,"bicycle":"yes","cycleway":"lane","highway":"tertiary","lanes":"1","name":"金陵东路","name:en":"East Jinling Road","name:zh":"金陵东路","name:zh-Hans":"金陵东路","name:zh-Hant":"金陵東路","name:zh-Latn-pinyin":"Jīnlíng Dōnglù","source":"interpolation","surface":"concrete"},"geometry":{"type":"LineString","coordinates":[[121.4811718,31.2316117],[121.4805951,31.2313351],[121.4802746,31.2311749],[121.4799582,31.2310119]]}},{"type":"Feature","id":1324405447,"properties":{"osmId":1324405447,"bicycle":"no","highway":"service","name":"普安路","name:en":"Pu'an Road","name:zh":"普安路","name:zh-Hans":"普安路","name:zh-Hant":"普安路","oneway":"yes"},"geometry":{"type":"LineString","coordinates":[[121.4719972,31.2283876],[121.4719033,31.2285573]]}},{"type":"Feature","id":1324405511,"properties":{"osmId":1324405511,"bicycle":"no","highway":"secondary","name":"西藏南路","name:en":"South Xizang Road","name:zh":"西藏南路","name:zh-Hans":"西藏南路","name:zh-Hant":"西藏南路","oneway":"yes","source":"interpolation","trolley_wire":"yes"},"geometry":{"type":"LineString","coordinates":[[121.4757751,31.2275479],[121.4758971,31.2272546]]}},{"type":"Feature","id":1324405519,"properties":{"osmId":1324405519,"cycleway:right":"lane","highway":"secondary","name":"人民路","name:en":"Renmin Road","name:zh":"人民路","name:zh-Hans":"人民路","name:zh-Hant":"人民路","name:zh-Latn-pinyin":"Rénmín Lù","oneway":"yes"},"geometry":{"type":"LineString","coordinates":[[121.4792767,31.2290198],[121.4794459,31.2291297],[121.4797232,31.2293782]]}},{"type":"Feature","id":1324405520,"properties":{"osmId":1324405520,"bicycle":"no","highway":"service","name":"普安路","name:en":"Pu'an Road","name:zh":"普安路","name:zh-Hans":"普安路","name:zh-Hant":"普安路","oneway":"yes"},"geometry":{"type":"LineString","coordinates":[[121.4721127,31.2279681],[121.4720092,31.2281565],[121.47187,31.2284111]]}},{"type":"Feature","id":1327579131,"properties":{"osmId":1327579131,"highway":"tertiary","name":"武胜路","name:en":"Wusheng Road","name:zh":"武胜路","name:zh-Hans":"武胜路","name:zh-Hant":"武勝路","oneway":"yes","surface":"paving_stones"},"geometry":{"type":"LineString","coordinates":[[121.4724966,31.2307588],[121.4723888,31.2304312]]}},{"type":"Feature","id":1327579133,"properties":{"osmId":1327579133,"bicycle":"no","highway":"tertiary","lanes":"2","name":"福州路","name:en":"Fuzhou Road","name:zh":"福州路","name:zh-Hans":"福州路","name:zh-Hant":"福州路","oneway":"yes"},"geometry":{"type":"LineString","coordinates":[[121.4828464,31.2370092],[121.4814006,31.2367177],[121.4813189,31.2367007]]}},{"type":"Feature","id":1327579134,"properties":{"osmId":1327579134,"highway":"tertiary","name":"江西南路","name:en":"South Jiangxi Road","name:zh":"江西南路","name:zh-Hans":"江西南路","name:zh-Hant":"江西南路","oneway":"yes","surface":"asphalt"},"geometry":{"type":"LineString","coordinates":[[121.4846268,31.2314981],[121.484468,31.231973],[121.4842211,31.2326737]]}},{"type":"Feature","id":1327579135,"properties":{"osmId":1327579135,"bicycle":"yes","cycleway":"lane","highway":"tertiary","lanes":"1","name":"金陵东路","name:en":"East Jinling Road","name:zh":"金陵东路","name:zh-Hans":"金陵东路","name:zh-Hant":"金陵東路","name:zh-Latn-pinyin":"Jīnlíng Dōnglù","source":"interpolation","surface":"concrete"},"geometry":{"type":"LineString","coordinates":[[121.4852802,31.2330136],[121.4849823,31.232919],[121.4848233,31.2328686],[121.4842211,31.2326737]]}},{"type":"Feature","id":1327579141,"properties":{"osmId":1327579141,"cycleway":"lane","highway":"secondary","lanes":"2","name":"河南南路","name:en":"South Henan Road","name:zh":"河南南路","name:zh-Hans":"河南南路","name:zh-Hant":"河南南路","oneway":"yes","source":"interpolation"},"geometry":{"type":"LineString","coordinates":[[121.4824026,31.2320524],[121.4825689,31.2311899],[121.4826178,31.2309684]]}},{"type":"Feature","id":1327579142,"properties":{"osmId":1327579142,"bicycle":"yes","cycleway":"lane","highway":"tertiary","lanes":"1","name":"金陵东路","name:en":"East Jinling Road","name:zh":"金陵东路","name:zh-Hans":"金陵东路","name:zh-Hant":"金陵東路","name:zh-Latn-pinyin":"Jīnlíng Dōnglù","source":"interpolation","surface":"concrete"},"geometry":{"type":"LineString","coordinates":[[121.4824026,31.2320524],[121.4820684,31.2319568],[121.4818197,31.2318813],[121.4815657,31.2317907],[121.4811718,31.2316117]]}},{"type":"Feature","id":1327579145,"properties":{"osmId":1327579145,"busway:left":"lane","highway":"primary","lanes":"4","name":"延安东路","name:en":"East Yan'an Road","name:zh":"延安东路","name:zh-Hans":"延安东路","name:zh-Hant":"延安東路","name:zh-Latn-pinyin":"Yán'ān Dōnglù","oneway":"yes","surface":"asphalt"},"geometry":{"type":"LineString","coordinates":[[121.4822313,31.2328285],[121.4823711,31.2328267]]}},{"type":"Feature","id":1329667742,"properties":{"osmId":1329667742,"highway":"secondary","name":"西藏北路","name:en":"North Xizang Road","oneway":"yes"},"geometry":{"type":"LineString","coordinates":[[121.4670635,31.2441827],[121.4670485,31.2442947],[121.4670254,31.2444684],[121.4670184,31.2445214],[121.4669815,31.2448013],[121.4669433,31.2450891],[121.4669281,31.2451738],[121.4669053,31.2452821]]}},{"type":"Feature","id":1332905238,"properties":{"osmId":1332905238,"cycleway":"lane","highway":"secondary","lanes":"2","name":"河南南路","name:en":"South Henan Road","oneway":"yes","source":"interpolation"},"geometry":{"type":"LineString","coordinates":[[121.483115,31.228555],[121.4831737,31.2282714],[121.4833716,31.2276404]]}},{"type":"Feature","id":1335304372,"properties":{"osmId":1335304372,"highway":"residential","name":"柳林路","name:en":"Liulin Road","name:zh":"柳林路","name:zh-Hans":"柳林路","name:zh-Hant":"柳林路"},"geometry":{"type":"LineString","coordinates":[[121.4758371,31.2253215],[121.4755895,31.225997]]}},{"type":"Feature","id":1335304373,"properties":{"osmId":1335304373,"highway":"residential","name":"寿宁路","name:en":"Shouning Road"},"geometry":{"type":"LineString","coordinates":[[121.4766187,31.2255533],[121.4763089,31.2254598],[121.4761841,31.2254248],[121.4758371,31.2253215]]}},{"type":"Feature","id":1335304374,"properties":{"osmId":1335304374,"bicycle":"no","highway":"secondary","name":"西藏南路","name:en":"South Xizang Road","name:zh":"西藏南路","name:zh-Hans":"西藏南路","name:zh-Hant":"西藏南路","oneway":"yes","source":"interpolation","trolley_wire":"yes"},"geometry":{"type":"LineString","coordinates":[[121.4761045,31.2267583],[121.4762565,31.2263945],[121.4763842,31.2261127],[121.4766187,31.2255533]]}},{"type":"Feature","id":1335304375,"properties":{"osmId":1335304375,"bicycle":"no","highway":"secondary","name":"西藏南路","name:en":"South Xizang Road","name:zh":"西藏南路","name:zh-Hans":"西藏南路","name:zh-Hant":"西藏南路","oneway":"yes","source":"interpolation","trolley_wire":"yes"},"geometry":{"type":"LineString","coordinates":[[121.4758971,31.2272546],[121.4761045,31.2267583]]}},{"type":"Feature","id":1335304376,"properties":{"osmId":1335304376,"cycleway":"opposite_lane","cycleway:right":"lane","highway":"residential","lit":"yes","maxspeed:type":"CN-SH:urban","name":"普安路","name:en":"Pu'an Road","name:zh":"普安路","name:zh-Hans":"普安路","name:zh-Hant":"普安路","oneway":"yes","surface":"asphalt"},"geometry":{"type":"LineString","coordinates":[[121.4729833,31.2264076],[121.4729972,31.2263817],[121.4731972,31.225979],[121.4733203,31.2257312]]}},{"type":"Feature","id":1335304377,"properties":{"osmId":1335304377,"bicycle":"no","highway":"secondary","lanes":"2","name":"淮海中路","name:en":"Middle Huaihai Road","name:zh":"淮海中路","name:zh-Hans":"淮海中路","name:zh-Hant":"淮海中路","name:zh-Latn-pinyin":"Huáihǎi Zhōnglù","source":"interpolation","source:bicycle":"local knowledge","surface":"asphalt"},"geometry":{"type":"LineString","coordinates":[[121.4729833,31.2264076],[121.474193,31.2269033]]}},{"type":"Feature","id":1335304385,"properties":{"osmId":1335304385,"bicycle":"no","highway":"secondary","lanes":"2","name":"淮海中路","name:en":"Middle Huaihai Road","name:zh":"淮海中路","name:zh-Hans":"淮海中路","name:zh-Hant":"淮海中路","name:zh-Latn-pinyin":"Huáihǎi Zhōnglù","source":"interpolation","source:bicycle":"local knowledge","surface":"asphalt"},"geometry":{"type":"LineString","coordinates":[[121.4751041,31.2272745],[121.4753655,31.227381],[121.4757751,31.2275479]]}},{"type":"Feature","id":1335304386,"properties":{"osmId":1335304386,"highway":"residential","name":"柳林路","name:en":"Liulin Road","name:zh":"柳林路","name:zh-Hans":"柳林路","name:zh-Hant":"柳林路"},"geometry":{"type":"LineString","coordinates":[[121.4755895,31.225997],[121.4754116,31.2264822],[121.4751041,31.2272745]]}},{"type":"Feature","id":1338361261,"properties":{"osmId":1338361261,"highway":"service"},"geometry":{"type":"LineString","coordinates":[[121.4704643,31.2294781],[121.470471,31.2294452]]}},{"type":"Feature","id":1338361262,"properties":{"osmId":1338361262,"highway":"service"},"geometry":{"type":"LineString","coordinates":[[121.470471,31.2294452],[121.4704764,31.2294186],[121.4704862,31.2293755],[121.4705119,31.2292489]]}},{"type":"Feature","id":1338361263,"properties":{"osmId":1338361263,"highway":"residential","name":"武胜路","name:en":"Wusheng Road","name:zh":"武胜路","name:zh-Hans":"武胜路","name:zh-Hant":"武勝路","surface":"asphalt"},"geometry":{"type":"LineString","coordinates":[[121.4705119,31.2292489],[121.4704641,31.2292532],[121.4703208,31.2292292],[121.4701197,31.2291995]]}},{"type":"Feature","id":1368740247,"properties":{"osmId":1368740247,"bicycle":"no","bridge":"yes","foot":"no","highway":"trunk_link","lanes":"2","layer":"2","oneway":"yes"},"geometry":{"type":"LineString","coordinates":[[121.4667685,31.2243166],[121.4666638,31.224455],[121.4664072,31.2247632],[121.4658395,31.2254065]]}},{"type":"Feature","id":1383666947,"properties":{"osmId":1383666947,"cycleway:both":"no","highway":"residential","lanes":"1","name":"北苏州路","name:en":"Beisuzhou Road","oneway":"yes","oneway:bicycle":"no","source":"interpolation"},"geometry":{"type":"LineString","coordinates":[[121.4784313,31.2443511],[121.4783619,31.2442896],[121.4782552,31.2441868],[121.4781934,31.2441188],[121.4781518,31.2440705],[121.4780708,31.2439784],[121.4780231,31.2439278],[121.4779694,31.2438777],[121.4779567,31.2438667],[121.4779006,31.243818],[121.4778338,31.2437644],[121.4777393,31.2436963],[121.4776659,31.2436419],[121.4775894,31.2435829],[121.4775162,31.2435233],[121.4774469,31.2434625],[121.4773047,31.2433241],[121.4772185,31.2432427],[121.477122,31.2431604],[121.4770237,31.2430819],[121.476919,31.2430032],[121.4764613,31.2426363],[121.476314,31.2425247]]}},{"type":"Feature","id":1395805674,"properties":{"osmId":1395805674,"highway":"residential"},"geometry":{"type":"LineString","coordinates":[[121.470275,31.243022],[121.4704187,31.2426365],[121.4704596,31.2424895],[121.4704918,31.242383],[121.4704831,31.242356],[121.4704576,31.2423098],[121.4700655,31.242197],[121.4700012,31.2422182],[121.4698186,31.2426696]]}},{"type":"Feature","id":1414654292,"properties":{"osmId":1414654292,"highway":"service","layer":"-1","service":"alley"},"geometry":{"type":"LineString","coordinates":[[121.4660263,31.2382487],[121.4662761,31.237814]]}},{"type":"Feature","id":1417984067,"properties":{"osmId":1417984067,"highway":"service","oneway":"yes","service":"driveway"},"geometry":{"type":"LineString","coordinates":[[121.4833191,31.2341082],[121.4833228,31.2341375],[121.4833153,31.2341662],[121.4832973,31.2341913],[121.4832707,31.2342101],[121.4832386,31.2342205],[121.4832041,31.2342215],[121.4831712,31.234213],[121.483143,31.2341956],[121.483123,31.2341712],[121.4831134,31.2341426],[121.4831152,31.2341129],[121.4831267,31.2340886],[121.4831282,31.2340854],[121.483151,31.2340629],[121.4831812,31.2340481],[121.4832154,31.2340425],[121.4832406,31.2340456],[121.4832498,31.2340467],[121.4832807,31.2340603],[121.4833046,31.2340815],[121.4833191,31.2341082]]}},{"type":"Feature","id":1417984068,"properties":{"osmId":1417984068,"highway":"service","service":"driveway"},"geometry":{"type":"LineString","coordinates":[[121.4836765,31.2342047],[121.4835164,31.2341799]]}},{"type":"Feature","id":1417984069,"properties":{"osmId":1417984069,"access":"destination","highway":"service","oneway":"yes","service":"driveway","surface":"paved"},"geometry":{"type":"LineString","coordinates":[[121.4834397,31.233577],[121.4833187,31.2337031],[121.4832541,31.2339866],[121.4832406,31.2340456]]}},{"type":"Feature","id":1467973416,"properties":{"osmId":1467973416,"highway":"service"},"geometry":{"type":"LineString","coordinates":[[121.4778316,31.2269886],[121.4783369,31.2271109]]}},{"type":"Feature","id":1512562402,"properties":{"osmId":1512562402,"highway":"residential","name":"国庆路","name:en":"Guoqing Road"},"geometry":{"type":"LineString","coordinates":[[121.4630742,31.2431811],[121.4633704,31.2432163],[121.4635282,31.2432121],[121.4636958,31.2431615],[121.4638215,31.2431089],[121.4639423,31.2430161],[121.464206,31.2426853],[121.4643613,31.242582],[121.4645067,31.2425399],[121.4646785,31.242512],[121.4654766,31.2424889],[121.4656242,31.2424822],[121.465765,31.2424829],[121.4658884,31.2424835],[121.4665125,31.2425212],[121.4666463,31.242551],[121.4667369,31.242581],[121.4668986,31.2426306],[121.4671694,31.2426637]]}}]}